#TYPE System.Management.Automation.PSCustomObject,,,,,,
"Username","Last","First","Password","PasswordLastSet","LastLogon","Locked"
"Dwilliams","Williams","Donna","FFdd';4fdfdf","3/27/2026 9:30:56 AM","3/11/2026 21:18","FALSE"
"SBrown","Brown","Steven","8h.'<#au","1/31/2026 18:17","2/1/2026 8:35","FALSE"
"DThompson","Thompson","David","C]z[f6q<","1/4/2026 2:46","2/5/2026 12:13","FALSE"
"MWhite","White","Michael","jFn/:Tpo","1/1/2026 10:49","1/28/2026 18:30","FALSE"
"JDavis","Davis","Jennifer","_x_e+f;t","1/6/2026 9:59","2/3/2026 19:13","FALSE"
"JJackson","Jackson","Jennifer","U5CH{R6~","1/2/2026 1:41","2/2/2026 3:50","FALSE"
"EJones","Jones","Emily","g1*uo#A%","1/25/2026 8:04","1/23/2026 12:40","FALSE"
"JMiller","Miller","Joseph","W/&iWBC.","1/31/2026 8:27","2/1/2026 6:33","FALSE"
"JMartin","Martin","Jacob","9|Het^Ie","2/4/2026 1:00","1/26/2026 7:05","FALSE"
"DBrown","Brown","David","f&v<Z>P&","1/4/2026 6:56","1/25/2026 0:34","FALSE"
"MRodriguez","Rodriguez","Matthew","&}SREFlD","1/20/2026 15:01","1/24/2026 5:08","FALSE"
"SMiller","Miller","Sarah","fq'Mz%LR","1/12/2026 6:32","2/3/2026 2:51","FALSE"
"ALopez","Lopez","Anthony","J`0K?W^h","12/31/2025 2:50","1/22/2026 19:55","FALSE"
"NMore","More","Nancy","h}Qp?YB9","1/15/2026 2:09","1/27/2026 4:35","FALSE"
"PMore","More","Patricia",">R{RWVg}","1/1/2026 5:20","1/30/2026 18:54","FALSE"
"ABrown","Brown","Anthony","rEi7NX8h","1/6/2026 21:21","2/1/2026 4:42","FALSE"
"MLee","Lee","Mary","2Gl<V5?l","1/28/2026 23:01","1/27/2026 17:55","FALSE"
"AJones","Jones","Anthony",";1J[.Cq/","1/3/2026 5:01","2/3/2026 9:09","FALSE"
"RSmith","Smith","Robert","+19z[5=a","1/12/2026 22:12","2/3/2026 22:17","FALSE"
"TBrown","Brown","Thomas","O{hK@etd","1/10/2026 20:38","1/26/2026 6:51","FALSE"
"ALopez1","Lopez","Ashley","f?I/DL%X","1/19/2026 5:17","2/1/2026 16:04","FALSE"
"BMartin","Martin","Barbara",")RA|kqdD","2/5/2026 0:04","1/27/2026 17:22","FALSE"
"SJohnson","Johnson","Steven","WSbA\Yol","1/27/2026 13:01","2/1/2026 4:32","FALSE"
"CThompson","Thompson","Charles","@~4$9Dop","1/14/2026 11:43","1/27/2026 0:57","FALSE"
"NJohnson","Johnson","Nate","ai/A&N2z","1/12/2026 19:17","1/29/2026 11:30","FALSE"
"SSmith","Smith","Susan","&K7`F`'%","1/18/2026 13:24","2/2/2026 18:28","FALSE"
"RSmith2","Smith","Richard","L~)mP$69","1/26/2026 10:36","1/23/2026 21:24","FALSE"
"PTaylor","Taylor","Patricia","IOH<.usi","1/23/2026 9:31","1/27/2026 16:50","FALSE"
"MDavis","Davis","Mark","x(iQQnFA","1/15/2026 13:39","1/24/2026 19:42","FALSE"
"RGarcia","Garcia","Richard","T?UB;5R#","1/8/2026 17:32","1/27/2026 5:59","FALSE"
"JWilliams","Williams","Jennifer","X>4j70`(","1/25/2026 5:55","1/23/2026 7:42","FALSE"
"MJackson","Jackson","Margaret","~rLYO3Wj","1/8/2026 8:12","1/29/2026 17:28","FALSE"
"PAnderson","Anderson","Patricia","8R?i{mEw","12/30/2025 18:48","1/27/2026 4:28","FALSE"
"NJackson","Jackson","Noah","y^Jkion@","2/2/2026 8:43","2/1/2026 17:52","FALSE"
"SJones","Jones","Sarah","z-Hm$)G{","1/15/2026 3:22","2/4/2026 4:25","FALSE"
"SJones3","Jones","Susan","IJbDU:bt","1/15/2026 20:47","1/31/2026 4:06","FALSE"
"EMore","More","Emily","x2Z]iCUb","1/14/2026 14:42","1/28/2026 22:28","FALSE"
"SMiller4","Miller","Sarah","2r*zh<)h","1/4/2026 4:32","1/23/2026 17:34","FALSE"
"PDavis","Davis","Patricia","yFBpyes[","2/4/2026 9:14","1/25/2026 21:43","FALSE"
"WTaylor","Taylor","Williams","<L1f)!72","1/29/2026 10:39","1/24/2026 1:02","FALSE"
"MJones","Jones","Mary","OI%N}jeR","1/26/2026 22:30","1/26/2026 16:53","FALSE"
"BLee","Lee","Betty","ZK6]N)D1","1/8/2026 23:56","1/31/2026 7:51","FALSE"
"LLopez","Lopez","Lisa","^'Fr)K'P","1/11/2026 0:56","2/2/2026 16:35","FALSE"
"JJackson5","Jackson","Jessica","h9PT</r\","1/22/2026 2:01","1/23/2026 23:18","FALSE"
"DGarcia","Garcia","Donald","X!2S.ML`","1/1/2026 2:16","1/23/2026 13:49","FALSE"
"CMiller","Miller","Charles","3%>Q##]>","1/23/2026 2:05","1/28/2026 11:06","FALSE"
"LGarcia","Garcia","Linda","TPyTu>#j","1/22/2026 12:36","1/24/2026 19:06","FALSE"
"MMiller","Miller","Matthew","czSsq~.5","1/4/2026 4:21","1/28/2026 13:32","FALSE"
"TJones","Jones","Thomas","`f9Vf{$>","1/12/2026 21:32","2/2/2026 6:18","FALSE"
"NRodriguez","Rodriguez","Nate","hS\CBgCZ","1/31/2026 7:32","1/29/2026 20:35","FALSE"
"SBrown6","Brown","Sara","mqZVSGl>","1/12/2026 9:35","1/31/2026 3:17","FALSE"
"MRodriguez7","Rodriguez","Mark","a!&=]~83","1/7/2026 18:08","1/29/2026 17:23","FALSE"
"SSmith8","Smith","Sarah","[QVi{u+%","2/2/2026 10:48","1/27/2026 18:22","FALSE"
"CWhite","White","Christopher","nFm=m0Q+","1/17/2026 2:17","1/29/2026 16:58","FALSE"
"SJackson","Jackson","Susan","_feSU!G$","1/4/2026 7:11","1/25/2026 12:35","FALSE"
"EJohnson","Johnson","Emily","ZaVp3>t9","1/15/2026 3:38","1/22/2026 17:59","FALSE"
"WJones","Jones","Williams","Ry'Er(_J","1/22/2026 16:29","1/24/2026 21:54","FALSE"
"MRodriguez9","Rodriguez","Margaret","`&mwJ]*Q","2/3/2026 2:34","2/2/2026 12:53","FALSE"
"EMore10","More","Elizabeth","Z}>C1UEz","1/30/2026 7:16","2/3/2026 6:27","FALSE"
"SJackson11","Jackson","Susan","|vVe08r^","1/22/2026 22:59","1/27/2026 1:41","FALSE"
"LBrown","Brown","Lisa","v{fWtT7X","1/3/2026 23:44","1/27/2026 10:29","FALSE"
"BGarcia","Garcia","Barbara","!xl9.U}p","1/18/2026 8:58","2/4/2026 21:55","FALSE"
"KTaylor","Taylor","Kimberly","8X;#AIc[","1/30/2026 3:33","2/1/2026 20:00","FALSE"
"MRodriguez12","Rodriguez","Mark","qlIL'jiR","2/5/2026 12:15","2/1/2026 21:22","FALSE"
"SWilliams","Williams","Sara","ml|Vwayt","2/4/2026 5:54","1/27/2026 16:31","FALSE"
"BMore","More","Betty","<<&Fbz%N","1/3/2026 2:53","1/23/2026 3:14","FALSE"
"JWhite","White","John","xPrQiJth","1/3/2026 11:41","2/5/2026 1:28","FALSE"
"MDavis13","Davis","Margaret","7#F2:7rY","1/1/2026 18:55","1/26/2026 5:10","FALSE"
"LGarcia14","Garcia","Linda","/}u1jB9J","1/10/2026 23:51","2/4/2026 10:42","FALSE"
"PMore15","More","Patricia","hb#C$nQ\","1/11/2026 10:31","1/28/2026 3:38","FALSE"
"NMore16","More","Nate",";$7.mg=3","1/3/2026 19:19","1/30/2026 23:20","FALSE"
"JJohnson","Johnson","Jennifer",")p*&\OVb","1/4/2026 17:16","2/2/2026 18:18","FALSE"
"SBrown17","Brown","Sara","R[c~gX;c","1/11/2026 6:20","1/31/2026 3:29","FALSE"
"AGarcia","Garcia","Ashley","[-p@zCbQ","1/11/2026 0:31","1/23/2026 14:22","FALSE"
"MMore","More","Mary","olz[NXhu","1/8/2026 12:59","2/3/2026 6:10","FALSE"
"JMartin18","Martin","Joseph","LODHPu&)","1/8/2026 18:09","2/4/2026 4:33","FALSE"
"SThompson","Thompson","Sara","L_i<i6U4","1/4/2026 12:19","1/27/2026 7:51","FALSE"
"WLopez","Lopez","Williams","fqu2n#mE","1/1/2026 18:35","1/23/2026 12:21","FALSE"
"SBrown19","Brown","Steven","ujZKy1{l","1/26/2026 2:19","2/2/2026 5:22","FALSE"
"TDavis","Davis","Thomas","80sl@)8k","1/15/2026 7:05","1/24/2026 5:05","TRUE"
"JSmith","Smith","Jessica","G6G~}\QX","2/4/2026 20:47","1/29/2026 12:50","FALSE"
"AJohnson","Johnson","Anthony",")}K-OwOK","1/15/2026 22:32","1/24/2026 0:03","FALSE"
"BBrown","Brown","Betty","4#R`K)L:","12/30/2025 23:33","1/25/2026 8:59","FALSE"
"LSmith","Smith","Linda","0O!J5&x$","2/3/2026 12:18","1/29/2026 1:02","FALSE"
"JBrown","Brown","Jessica","T@_[.<gQ","1/19/2026 19:45","1/31/2026 22:33","FALSE"
"DJones","Jones","Donna","Q*K[8VIu","1/3/2026 1:02","1/25/2026 16:31","FALSE"
"JJackson20","Jackson","John","TfCA2XL\","1/30/2026 7:53","2/5/2026 6:29","FALSE"
"LBrown21","Brown","Linda","N-il|wZ:","1/25/2026 3:39","1/29/2026 19:28","FALSE"
"AJones22","Jones","Anthony","Oii(7q\>","2/5/2026 6:26","1/25/2026 6:15","FALSE"
"SMore","More","Sandra","sg$69YCO","1/9/2026 14:41","2/5/2026 2:13","FALSE"
"NJohnson23","Johnson","Nate","30s@]`7&","1/28/2026 18:59","2/1/2026 8:57","FALSE"
"DRodriguez","Rodriguez","Donna","P)1EB*$v","1/3/2026 0:31","1/24/2026 5:52","FALSE"
"JMore","More","Jennifer","*6KPJy`+","1/18/2026 7:16","2/2/2026 11:05","FALSE"
"MThompson","Thompson","Michael","XEvA>SO(","1/13/2026 6:16","2/3/2026 7:34","FALSE"
"MRodriguez24","Rodriguez","Michael","?z=K8@LS","1/10/2026 9:09","2/2/2026 22:40","FALSE"
"JGarcia","Garcia","Jessica","M!>%[eSX","1/18/2026 1:25","2/2/2026 10:28","FALSE"
"JLee","Lee","Joseph","+y//(^nH","1/21/2026 23:49","2/2/2026 14:18","FALSE"
"JWhite25","White","Jacob","T{{H_UsW","1/11/2026 5:21","1/31/2026 2:41","FALSE"
"DWhite","White","Donna","~!zD%jf.","1/19/2026 12:01","1/28/2026 20:03","FALSE"
"ATaylor","Taylor","Andrew","x:P!9z$t","1/11/2026 0:19","2/2/2026 18:43","FALSE"
"LWilliams","Williams","Linda","zSb{lCBK","1/12/2026 20:06","1/25/2026 20:22","FALSE"
"MLee26","Lee","Mary","D@?NFOdP","1/10/2026 18:55","1/29/2026 18:15","FALSE"
"WMiller","Miller","Williams","l-26o@XK","1/5/2026 4:48","2/5/2026 12:25","FALSE"
"CThompson27","Thompson","Christopher","uH3j:acI","1/1/2026 13:09","1/29/2026 4:52","FALSE"
"NJohnson28","Johnson","Nate","C9?F[Fl-","1/8/2026 14:33","2/1/2026 21:15","TRUE"
"ADavis","Davis","Ashley","dWWu~W@>","2/2/2026 15:58","2/4/2026 11:55","FALSE"
"SLopez","Lopez","Susan","ZJ&Zv`;p","1/22/2026 22:58","2/5/2026 15:17","FALSE"
"KJohnson","Johnson","Kimberly","Bh%b~t@f","1/29/2026 10:38","1/31/2026 6:15","FALSE"
"MJones29","Jones","Mark",">BJ94fT5","1/30/2026 6:05","1/24/2026 14:51","FALSE"
"MMiller30","Miller","Mark","j1>/zg~P","1/10/2026 3:34","2/2/2026 0:25","FALSE"
"CJackson","Jackson","Christopher","3jL*gXm}","1/9/2026 10:49","1/27/2026 20:23","FALSE"
"DDavis","Davis","Daniel","7q_;0&`M","1/14/2026 17:32","1/31/2026 12:54","FALSE"
"JJones","Jones","Joseph","iw;)g>%l","1/5/2026 2:36","2/2/2026 8:56","FALSE"
"NDavis","Davis","Nancy","PD)S_70-","2/3/2026 19:50","1/30/2026 20:11","FALSE"
"JGarcia31","Garcia","Joseph","lU8KJMn^","1/20/2026 6:19","1/25/2026 5:39","TRUE"
"JGarcia32","Garcia","Jacob","A-s~hl:0","1/18/2026 22:10","1/30/2026 15:40","FALSE"
"PDavis33","Davis","Patricia","y46{FbW0","1/21/2026 2:07","1/28/2026 9:45","FALSE"
"JDavis34","Davis","James","6Os}/iG[","1/11/2026 2:36","1/30/2026 15:47","FALSE"
"CJackson35","Jackson","Charles","K%aRdMgF","2/3/2026 22:34","2/5/2026 10:47","FALSE"
"SJones36","Jones","Susan","e$l+8<~c","1/2/2026 8:19","1/31/2026 1:24","FALSE"
"ATaylor37","Taylor","Andrew","v3xZ$4p6","1/8/2026 2:34","2/1/2026 18:33","FALSE"
"RMiller","Miller","Robert","~`(r6\iu","1/7/2026 15:16","1/31/2026 15:26","FALSE"
"BBrown38","Brown","Betty","y8v@vyn]","1/31/2026 0:29","2/3/2026 15:53","FALSE"
"NDavis39","Davis","Nancy","M_C`|xYI","1/15/2026 19:01","1/24/2026 4:30","FALSE"
"SThompson40","Thompson","Sandra","(145nsZ-","1/18/2026 3:32","2/5/2026 13:47","FALSE"
"AJones41","Jones","Ashley","ZBktY}#)","1/29/2026 7:18","2/5/2026 4:33","FALSE"
"BWilliams","Williams","Barbara","#9.0t=|O","1/19/2026 19:23","2/2/2026 3:04","FALSE"
"RThompson","Thompson","Robert","A{~`x0;S","1/22/2026 8:30","1/31/2026 21:14","FALSE"
"LMiller","Miller","Lisa","W/Iquza`","12/31/2025 1:58","1/28/2026 14:11","TRUE"
"MBrown","Brown","Matthew","Z/&h?/zN","1/27/2026 4:11","2/2/2026 16:53","TRUE"
"ELee","Lee","Emily","vb&>9m(p","2/4/2026 3:32","2/2/2026 13:38","FALSE"
"LAnderson","Anderson","Linda","~EC*>/#P","2/2/2026 12:28","1/25/2026 1:25","FALSE"
"NWilliams","Williams","Nate","yd;;dk'v","1/8/2026 14:37","1/26/2026 0:00","FALSE"
"NMore42","More","Nancy","Q?X`XAt}","1/22/2026 5:26","2/1/2026 15:31","FALSE"
"JAnderson","Anderson","Joseph","D8JeVGTs","1/16/2026 9:22","1/29/2026 19:46","TRUE"
"MMiller43","Miller","Mark","!UAE;Wzn","2/4/2026 3:06","1/24/2026 23:50","FALSE"
"SWhite","White","Sara","1&{GV5vk","12/30/2025 22:22","1/30/2026 4:36","FALSE"
"JSmith44","Smith","Jessica","U!\D+K?)","1/14/2026 14:42","2/5/2026 9:29","FALSE"
"BLopez","Lopez","Betty","IaPg~VY&","1/6/2026 4:17","1/28/2026 3:23","FALSE"
"NDavis45","Davis","Nancy","/=oZ$u&c","1/8/2026 5:10","1/27/2026 11:02","FALSE"
"DBrown46","Brown","Donna","2<_XJct_","1/5/2026 17:29","1/26/2026 7:03","FALSE"
"SThompson47","Thompson","Susan","3mm*i{c?","2/2/2026 17:56","1/30/2026 22:47","FALSE"
"KTaylor48","Taylor","Karen","&Tg>\yNE","1/29/2026 18:17","2/1/2026 8:11","FALSE"
"MLopez","Lopez","Mary","@e&k9sF:","1/4/2026 19:03","1/26/2026 7:22","FALSE"
"SWhite49","White","Steven","W_)2`WAK","2/2/2026 11:49","2/1/2026 2:22","FALSE"
"MDavis50","Davis","Margaret","10/xQ^x:","1/18/2026 5:59","2/2/2026 2:44","FALSE"
"JSmith51","Smith","Joseph","VVJz4SL/","1/14/2026 13:44","1/25/2026 7:34","FALSE"
"RWhite","White","Robert","V.9=@G[o","1/21/2026 15:36","2/5/2026 7:20","FALSE"
"CJackson52","Jackson","Charles","w+n+6)G8","1/27/2026 20:28","1/31/2026 20:00","FALSE"
"JMore53","More","Joseph","1WNINo@^","1/16/2026 17:33","1/29/2026 21:19","FALSE"
"BJohnson","Johnson","Betty","xbauk8@|","12/31/2025 21:23","1/27/2026 18:57","FALSE"
"ABrown54","Brown","Anthony","u2o#Ft)x","12/31/2025 20:27","2/2/2026 20:45","FALSE"
"JTaylor","Taylor","Jennifer","%Eq{cmiH","1/30/2026 2:02","1/30/2026 15:41","FALSE"
"WDavis","Davis","Williams","+#/?-s;_","1/13/2026 2:51","1/26/2026 11:57","FALSE"
"CJohnson","Johnson","Charles","8j=q(bd`","2/5/2026 4:01","1/30/2026 4:34","FALSE"
"KSmith","Smith","Kimberly","5)4T<p|5","1/12/2026 22:10","1/27/2026 0:56","FALSE"
"DLee","Lee","Donald","|JC!=d2A","1/22/2026 8:59","2/1/2026 23:16","FALSE"
"SWilliams55","Williams","Susan","^D@XwEo_","1/14/2026 17:42","2/5/2026 13:57","FALSE"
"JLee56","Lee","Jacob","u.tL[nJ.","1/7/2026 10:12","1/28/2026 10:38","FALSE"
"DLopez","Lopez","Donna","CQgTlq8x","1/14/2026 14:25","1/27/2026 23:31","FALSE"
"SMore57","More","Steven","@JMX)FM%","1/30/2026 23:43","2/3/2026 11:18","FALSE"
"PBrown","Brown","Patricia","f#J;Z4P@","1/15/2026 22:28","2/1/2026 10:46","FALSE"
"MBrown58","Brown","Margaret","Bar@}!*2","1/10/2026 22:19","1/23/2026 11:38","FALSE"
"JJohnson59","Johnson","Jennifer","_/9=!Zu|","1/19/2026 4:29","1/23/2026 8:34","FALSE"
"JTaylor60","Taylor","James",")ss]_+7T","2/3/2026 0:57","1/28/2026 6:31","FALSE"
"SGarcia","Garcia","Susan","-hvKgsB:","1/3/2026 5:14","1/28/2026 13:32","FALSE"
"RAnderson","Anderson","Robert",">^It5.QC","1/10/2026 8:39","1/23/2026 2:19","FALSE"
"DMore","More","Donna","l83YW>1<","1/23/2026 9:32","2/4/2026 9:15","FALSE"
"JRodriguez","Rodriguez","Joseph","zVgYt_fN","1/12/2026 6:53","1/28/2026 19:38","FALSE"
"NJones","Jones","Noah","5?5/`X'7","1/21/2026 10:38","1/27/2026 11:12","FALSE"
"TBrown61","Brown","Thomas","O['oOTGU","1/14/2026 16:29","1/24/2026 14:41","FALSE"
"RSmith62","Smith","Robert",";]p47sV*","1/2/2026 8:37","1/26/2026 19:21","FALSE"
"DLee63","Lee","Daniel","HOfsq:/x","1/17/2026 11:02","1/26/2026 12:04","FALSE"
"JJohnson64","Johnson","James","11wKr}qu","1/16/2026 9:42","1/22/2026 17:46","FALSE"
"BWhite","White","Barbara","{r^}ba^t","1/5/2026 15:54","1/24/2026 19:52","TRUE"
"KDavis","Davis","Kimberly","N@TnUo`I","1/29/2026 13:27","2/1/2026 15:59","FALSE"
"JRodriguez65","Rodriguez","Jacob","*{q!}7Ko","1/6/2026 18:41","1/28/2026 10:04","FALSE"
"DLee66","Lee","David","Dkh}EQ'K","1/1/2026 6:38","2/2/2026 15:40","FALSE"
"BBrown67","Brown","Betty","%r3VsT>7","2/5/2026 12:36","2/3/2026 9:04","FALSE"
"SMiller68","Miller","Sandra","?5M)TvbQ","1/6/2026 13:57","2/3/2026 21:56","FALSE"
"MSmith","Smith","Matthew","]hWQZbiJ","1/5/2026 8:32","1/29/2026 18:38","FALSE"
"STaylor","Taylor","Susan","x`%T#B/v","2/1/2026 3:09","1/30/2026 6:33","FALSE"
"AAnderson","Anderson","Andrew","i+d</46E","1/17/2026 10:28","2/3/2026 20:43","FALSE"
"JWilliams69","Williams","Joseph","jixfFQnt","1/8/2026 4:39","2/4/2026 9:24","FALSE"
"AWhite","White","Andrew","*XN2_2h&","1/14/2026 18:32","2/2/2026 3:52","FALSE"
"MJones70","Jones","Mark","u2oXW3?F","1/28/2026 10:26","2/2/2026 9:34","FALSE"
"JMiller71","Miller","Jessica","DLz{%a&q","1/8/2026 10:18","2/5/2026 15:02","FALSE"
"JRodriguez72","Rodriguez","James","!T(v=2}k","1/24/2026 18:46","1/25/2026 5:24","FALSE"
"DRodriguez73","Rodriguez","Donald","KoU;c<:P","12/30/2025 16:27","1/23/2026 11:19","TRUE"
"SRodriguez","Rodriguez","Sara","!2L0md1(","1/11/2026 17:32","1/24/2026 11:12","FALSE"
"JAnderson74","Anderson","Joseph","\0'%|-ZE","1/20/2026 20:42","1/29/2026 0:31","FALSE"
"LDavis","Davis","Lisa","vS\+G@2J","1/24/2026 18:41","1/24/2026 0:47","FALSE"
"TWhite","White","Thomas","wGx0E3RQ","1/29/2026 20:38","1/31/2026 19:44","FALSE"
"DTaylor","Taylor","Donald","Dj[AILDF","2/3/2026 5:36","1/23/2026 4:13","FALSE"
"AJones75","Jones","Anthony","jhUuQ*%M","1/2/2026 13:22","1/26/2026 22:55","FALSE"
"JTaylor76","Taylor","Jessica","Fk*+cL|#","1/30/2026 23:21","1/23/2026 7:20","FALSE"
"SJackson77","Jackson","Sandra","]Sb)/7]V","12/31/2025 12:51","1/25/2026 18:44","FALSE"
"JJones78","Jones","James","#Ww<iPet","1/29/2026 2:48","1/29/2026 5:54","FALSE"
"LBrown79","Brown","Linda","]<D$eDp7","1/26/2026 14:16","1/24/2026 18:04","TRUE"
"PBrown80","Brown","Patricia","8Wms4=1W","1/13/2026 19:10","1/23/2026 13:35","FALSE"
"DGarcia81","Garcia","Daniel","hHfY$'F\","1/21/2026 4:20","1/26/2026 12:30","FALSE"
"WJohnson","Johnson","Williams","VP$PtX2@","1/28/2026 13:16","2/2/2026 17:22","FALSE"
"DMiller","Miller","David","!fF.Y?aU","12/31/2025 17:03","1/24/2026 16:06","FALSE"
"SLopez82","Lopez","Sarah","pM7gkjoM","1/2/2026 14:00","1/26/2026 23:52","FALSE"
"JDavis83","Davis","John","[cTAsX`}","1/25/2026 4:58","2/5/2026 11:51","FALSE"
"NTaylor","Taylor","Nate","v0Xv?}(k","1/23/2026 17:40","2/2/2026 12:16","FALSE"
"RThompson84","Thompson","Robert","f]^0LHc<","1/10/2026 20:24","1/30/2026 17:00","FALSE"
"DMiller85","Miller","Donald","})eo$cu5","1/20/2026 22:22","1/25/2026 12:32","FALSE"
"NRodriguez86","Rodriguez","Nate","J8dn%PGL","1/22/2026 11:11","2/5/2026 10:31","FALSE"
"DAnderson","Anderson","Donald","WG.m\R=g","1/9/2026 8:13","1/27/2026 15:38","FALSE"
"DDavis87","Davis","Daniel","u3}%gH`D","1/19/2026 19:27","1/24/2026 17:14","FALSE"
"NWilliams88","Williams","Nate","NcO2Xht0","1/19/2026 16:41","1/31/2026 10:15","FALSE"
"RMiller89","Miller","Richard",")qCP737N","1/15/2026 15:50","1/26/2026 0:31","FALSE"
"LDavis90","Davis","Linda","#NAME?","1/10/2026 13:36","2/2/2026 16:57","FALSE"
"JLopez","Lopez","Jessica","G+sgIgxr","1/31/2026 12:49","1/31/2026 9:11","FALSE"
"MJones91","Jones","Mark","Nw~;MJWz","1/19/2026 17:32","1/27/2026 20:15","FALSE"
"AAnderson92","Anderson","Andrew","ATJ>;HoY","1/31/2026 19:40","1/31/2026 13:15","FALSE"
"CAnderson","Anderson","Charles",">pz.E;SI","1/5/2026 15:14","1/31/2026 11:58","TRUE"
"WMartin","Martin","Williams","t2g\8OL>","1/27/2026 16:37","1/27/2026 10:43","FALSE"
"DJones93","Jones","Daniel","GX]fKlof","1/23/2026 14:50","1/29/2026 14:51","FALSE"
"JRodriguez94","Rodriguez","James","KSF`FV&~","1/13/2026 7:18","1/27/2026 14:54","TRUE"
"KWhite","White","Karen","R'NumPrn","1/10/2026 3:51","1/24/2026 9:36","FALSE"
"TMore","More","Thomas","=7#E$h(:","1/2/2026 13:30","1/25/2026 18:47","FALSE"
"MWhite95","White","Matthew","w^?~LlRW","1/9/2026 22:13","1/25/2026 4:40","FALSE"
"PLopez","Lopez","Patricia","-{wd_N&]","2/4/2026 14:25","2/1/2026 20:38","FALSE"
"MTaylor","Taylor","Mary","Ln!LVb_6","1/2/2026 0:26","1/29/2026 20:28","FALSE"
"SLopez96","Lopez","Sara","9er9EU]J","1/11/2026 3:56","2/5/2026 8:18","FALSE"
"MSmith97","Smith","Michael","#Vv-y\\G","1/5/2026 5:40","2/5/2026 4:17","FALSE"
"JBrown98","Brown","Jessica","hv*~oFmy","1/10/2026 9:38","1/25/2026 20:19","FALSE"
"SJones99","Jones","Sarah","D-wsL1Ud","1/20/2026 9:41","1/29/2026 14:11","FALSE"
"JWilliams100","Williams","Jacob","a+Km)i}P","2/3/2026 13:55","2/2/2026 7:02","FALSE"
"KWilliams","Williams","Kimberly","uy/PB\EU","1/30/2026 7:33","1/25/2026 21:31","FALSE"
"PDavis101","Davis","Patricia","e?ao0wWF","1/6/2026 1:24","2/2/2026 7:23","FALSE"
"CDavis","Davis","Charles","#NAME?","1/22/2026 11:54","2/4/2026 15:46","FALSE"
"MLee102","Lee","Michael","Cb~g|R]h","1/8/2026 12:38","1/24/2026 18:55","FALSE"
"KMore","More","Kimberly","~eh5qL&!","1/16/2026 7:02","1/29/2026 22:27","FALSE"
"AGarcia103","Garcia","Ashley","[Gt4?k?s","1/8/2026 16:48","2/2/2026 13:02","FALSE"
"TJohnson","Johnson","Thomas","(}.vDS12","1/31/2026 22:10","1/31/2026 0:51","FALSE"
"DJackson","Jackson","Daniel","F]NW7yqF","1/31/2026 22:07","1/27/2026 19:05","FALSE"
"MMore104","More","Mark","0Vo%z=CU","1/13/2026 10:49","1/22/2026 18:31","FALSE"
"TMiller","Miller","Thomas","1X~IT-n9","1/3/2026 21:07","2/5/2026 2:35","FALSE"
"NWilliams105","Williams","Nate","jw|U2v3N","1/4/2026 11:06","1/30/2026 15:56","FALSE"
"JJones106","Jones","John","RHNN<p%!","1/26/2026 20:41","1/25/2026 12:22","FALSE"
"BMartin107","Martin","Barbara","^3^QwJ-h","1/8/2026 18:08","1/28/2026 20:32","FALSE"
"KAnderson","Anderson","Kimberly","%'XV_-u7","1/20/2026 23:44","1/25/2026 1:49","FALSE"
"MJohnson","Johnson","Michael","*por@34x","12/31/2025 9:55","1/23/2026 2:15","FALSE"
"DMartin","Martin","David","aiGE1VFd","1/11/2026 11:07","1/27/2026 3:25","FALSE"
"MMore108","More","Matthew","_qv&'Y?;","1/21/2026 18:30","2/2/2026 15:51","FALSE"
"RJackson","Jackson","Richard","+C^W$TAS","1/24/2026 19:53","1/31/2026 21:33","FALSE"
"SRodriguez109","Rodriguez","Susan","^thRLNV`","1/14/2026 10:30","1/27/2026 7:10","FALSE"
"JJones110","Jones","John","j+v<'I~F","1/17/2026 16:16","2/5/2026 13:37","TRUE"
"SAnderson","Anderson","Sarah","6*iU4nQd","1/5/2026 15:22","1/23/2026 19:11","FALSE"
"NGarcia","Garcia","Noah","$pJY~[iD","1/1/2026 0:21","1/25/2026 21:40","FALSE"
"LTaylor","Taylor","Lisa",";tlUlar&","1/24/2026 19:53","1/30/2026 13:53","FALSE"
"BGarcia111","Garcia","Barbara",":Qgu$Jj&","2/2/2026 10:01","1/29/2026 8:50","FALSE"
"MMore112","More","Michael",">9'{omq/","1/17/2026 22:39","1/26/2026 18:05","FALSE"
"SBrown113","Brown","Sarah","rr`X@mAn","1/2/2026 20:32","1/23/2026 10:39","FALSE"
"LWhite","White","Linda","NP1pU8UL","1/30/2026 23:36","1/25/2026 10:49","FALSE"
"JBrown114","Brown","Jessica","Yu]X.mHH","1/23/2026 18:02","1/25/2026 8:53","FALSE"
"JSmith115","Smith","James","zij^1]'U","1/7/2026 23:51","1/26/2026 15:31","FALSE"
"TLee","Lee","Thomas","{e:*(v-S","1/11/2026 10:01","1/23/2026 0:06","FALSE"
"MWilliams","Williams","Michael","C5SVfiyC","2/1/2026 11:23","1/27/2026 11:15","FALSE"
"DJohnson","Johnson","Daniel",".XL~}[BC","1/11/2026 4:11","1/24/2026 4:17","FALSE"
"DMore116","More","Daniel","rwu`*tfg","1/17/2026 9:25","1/27/2026 1:31","FALSE"
"MThompson117","Thompson","Mark","y}?h]`.M","1/17/2026 21:25","1/31/2026 7:25","FALSE"
"SGarcia118","Garcia","Sara","2ksJP3ln","1/12/2026 5:05","1/27/2026 18:44","FALSE"
"SMartin","Martin","Sandra","0iF8Bt[{","1/2/2026 18:01","1/30/2026 2:23","FALSE"
"TJones119","Jones","Thomas","J+WNIF%'","1/29/2026 21:51","2/2/2026 17:05","FALSE"
"RJohnson","Johnson","Richard","36Ri0s!|","1/24/2026 1:49","1/29/2026 22:07","FALSE"
"RLopez","Lopez","Richard","dqP{k9a+","1/15/2026 19:28","1/27/2026 12:13","FALSE"
"CLopez","Lopez","Christopher","qkPM_&Jb","1/18/2026 15:07","2/2/2026 8:36","FALSE"
"AJones120","Jones","Andrew","K%Uu467m","2/2/2026 7:48","2/3/2026 2:08","FALSE"
"ALee","Lee","Ashley","+8~w5%SY","1/7/2026 17:07","1/27/2026 18:14","FALSE"
"AThompson","Thompson","Anthony","z;t<~y]p","1/22/2026 15:52","2/5/2026 2:08","FALSE"
"SJackson121","Jackson","Susan","qNZyA*T;","1/15/2026 15:46","2/3/2026 0:00","FALSE"
"NTaylor122","Taylor","Nancy","CX7#$eMO","1/4/2026 14:04","2/4/2026 18:56","FALSE"
"WLopez123","Lopez","Williams","LFn8vJF`","1/21/2026 13:25","2/4/2026 23:19","FALSE"
"ALopez124","Lopez","Ashley","jlMvgrdq","1/22/2026 21:10","1/30/2026 8:56","FALSE"
"JAnderson125","Anderson","Jennifer","Y33LnTkd","2/2/2026 20:45","1/24/2026 3:52","FALSE"
"MMiller126","Miller","Mark","!9v)8=J:","12/31/2025 1:31","1/26/2026 9:13","FALSE"
"MBrown127","Brown","Matthew",">s9]\VDh","1/21/2026 0:57","2/2/2026 5:22","FALSE"
"CSmith","Smith","Christopher","$9]?{Rk)","1/13/2026 5:05","1/23/2026 19:28","FALSE"
"KWhite128","White","Kimberly","ib)5{=Ma","1/24/2026 7:30","1/23/2026 18:52","FALSE"
"KSmith129","Smith","Kimberly",";%.&:@4-","2/4/2026 0:37","2/2/2026 14:13","FALSE"
"MLopez130","Lopez","Mark","3&bA\q1]","1/13/2026 9:45","1/31/2026 15:11","FALSE"
"NSmith","Smith","Noah","R=of=xEc","1/19/2026 5:18","1/30/2026 8:36","FALSE"
"KAnderson131","Anderson","Karen","x@8BLA/q","1/19/2026 6:11","2/5/2026 9:10","FALSE"
"NTaylor132","Taylor","Nancy","IQCx+;?)","1/18/2026 12:46","2/3/2026 11:09","FALSE"
"KMore133","More","Karen","~+tjJ0kh","1/1/2026 1:10","2/3/2026 2:39","FALSE"
"NSmith134","Smith","Nancy","QHGojo0t","1/22/2026 11:55","1/30/2026 9:28","FALSE"
"CWhite135","White","Charles","?au<.Z!;","1/31/2026 14:33","1/24/2026 15:08","FALSE"
"EThompson","Thompson","Emily","^H[w@QhW","1/24/2026 18:24","2/1/2026 8:25","FALSE"
"TMiller136","Miller","Thomas","/P-m6X[+","2/5/2026 7:48","1/24/2026 6:17","FALSE"
"DJones137","Jones","Donald","YD6Ldl=h","1/21/2026 16:58","1/30/2026 21:14","FALSE"
"BBrown138","Brown","Barbara","fSE8U'X0","1/27/2026 8:02","1/24/2026 9:25","FALSE"
"KTaylor139","Taylor","Kimberly","CAzpepM3","1/10/2026 20:58","2/2/2026 10:43","FALSE"
"JRodriguez140","Rodriguez","Joseph","]KmHF~GT","1/7/2026 14:06","2/4/2026 4:49","FALSE"
"DThompson141","Thompson","Daniel","wG`6_eM`","1/1/2026 21:09","2/3/2026 22:45","FALSE"
"SSmith142","Smith","Sara","5{~S8{I?","2/3/2026 9:33","1/24/2026 0:13","FALSE"
"LBrown143","Brown","Linda","Y~1''Cs.","1/30/2026 14:29","2/1/2026 21:46","FALSE"
"NJackson144","Jackson","Nancy","}Kf~m:'~","1/24/2026 23:20","2/4/2026 2:13","FALSE"
"NWilliams145","Williams","Nancy","XG1$93G1","2/5/2026 10:10","1/24/2026 15:36","FALSE"
"LMiller146","Miller","Linda",".l\{?(O:","1/31/2026 2:41","1/30/2026 23:51","FALSE"
"LSmith147","Smith","Lisa","TH+!{fyq","1/27/2026 3:53","1/23/2026 18:58","FALSE"
"PMore148","More","Patricia","2Gb^%F~U","1/31/2026 22:52","1/30/2026 11:18","FALSE"
"RMiller149","Miller","Robert","c4g~($p`","1/11/2026 5:49","1/31/2026 10:45","FALSE"
"EJohnson150","Johnson","Emily","fVm8cwwI","1/6/2026 0:39","1/28/2026 20:57","FALSE"
"EAnderson","Anderson","Elizabeth","5!UpuZff","1/23/2026 11:01","1/31/2026 15:41","TRUE"
"MJackson151","Jackson","Mark","(~5+spo9","2/3/2026 19:52","1/30/2026 12:34","FALSE"
"SJohnson152","Johnson","Susan","T(6__P|n","1/3/2026 22:39","2/2/2026 2:57","FALSE"
"AMiller","Miller","Anthony","%sxgNtfS","1/3/2026 6:39","2/2/2026 0:54","FALSE"
"JMore153","More","Joseph","`4aScf0P","2/3/2026 5:29","1/31/2026 8:14","TRUE"
"NAnderson","Anderson","Nate","<ff)o93g","1/11/2026 5:43","1/25/2026 12:06","FALSE"
"EBrown","Brown","Elizabeth","EAfX<<k%","1/7/2026 4:32","1/30/2026 16:13","FALSE"
"AWilliams","Williams","Ashley","T'!I;TB0","2/1/2026 16:07","1/28/2026 12:48","FALSE"
"NMartin","Martin","Nate","rVir#1Rc","1/31/2026 17:16","1/27/2026 22:50","FALSE"
"CJones","Jones","Charles","*LR&kLfS","1/25/2026 18:18","1/24/2026 14:36","FALSE"
"WJones154","Jones","Williams","cL=zPo|*","2/2/2026 7:53","1/28/2026 17:41","FALSE"
"SMartin155","Martin","Sarah","OZ)-w_#[","1/26/2026 1:18","1/23/2026 5:03","FALSE"
"SLee","Lee","Susan","Y[yI+fk|","1/23/2026 0:30","1/27/2026 20:33","FALSE"
"RTaylor","Taylor","Robert","1jw/PXas","1/20/2026 22:15","1/30/2026 20:04","FALSE"
"LGarcia156","Garcia","Linda","fh-=-t6?","1/11/2026 2:10","1/27/2026 14:41","FALSE"
"LMiller157","Miller","Lisa","DkDS7a@W","1/17/2026 2:18","1/31/2026 10:40","FALSE"
"JMartin158","Martin","Jessica","D{g##X+%","1/1/2026 22:49","2/5/2026 11:38","FALSE"
"CGarcia","Garcia","Charles","ci-&ue`n","1/29/2026 16:13","1/24/2026 4:08","FALSE"
"JLopez159","Lopez","Jennifer","vwJ4/{Da","1/28/2026 1:06","2/5/2026 12:01","FALSE"
"DDavis160","Davis","David","0SV|L5H6","1/21/2026 3:16","1/29/2026 22:03","FALSE"
"LJones","Jones","Linda","<ySP<@8x","1/27/2026 6:37","1/24/2026 21:38","FALSE"
"DJones161","Jones","David","jo2j\/3p","1/14/2026 6:14","1/22/2026 21:52","FALSE"
"SJackson162","Jackson","Susan","NMB/r@u6","1/15/2026 13:12","2/5/2026 4:49","FALSE"
"NGarcia163","Garcia","Nate","-+iO-0Kw","1/6/2026 15:06","1/30/2026 15:42","FALSE"
"MAnderson","Anderson","Margaret","WP6:UAPP","2/4/2026 22:07","2/1/2026 9:14","FALSE"
"EMartin","Martin","Elizabeth","s'$^b/nH","1/2/2026 7:24","2/3/2026 5:39","FALSE"
"CLee","Lee","Christopher","mmp|WS%>","1/24/2026 15:10","2/3/2026 9:24","FALSE"
"CMiller164","Miller","Charles","*U;khg<=","1/23/2026 7:10","1/26/2026 2:55","FALSE"
"SBrown165","Brown","Sarah","{|9w@fs:","1/19/2026 15:42","1/26/2026 18:20","FALSE"
"MMiller166","Miller","Mary","Vt?KsZ){","2/5/2026 14:35","2/4/2026 6:57","FALSE"
"DSmith","Smith","David","KAHQF{QM","1/1/2026 14:41","2/2/2026 11:04","FALSE"
"KSmith167","Smith","Karen","cv^r}G:@","1/21/2026 8:45","1/22/2026 16:26","FALSE"
"SSmith168","Smith","Sara","fAFs+aBK","2/5/2026 11:25","2/3/2026 10:02","FALSE"
"MMartin","Martin","Mark","^lUC;o>%","1/3/2026 5:25","1/28/2026 6:49","FALSE"
"JBrown169","Brown","Joseph","PaEH{!:$","1/26/2026 14:35","1/26/2026 23:53","FALSE"
"JSmith170","Smith","Jacob","%YZ1')J4","1/3/2026 15:04","1/30/2026 15:04","FALSE"
"AAnderson171","Anderson","Ashley","k07Ab8uk","1/7/2026 3:45","1/29/2026 18:52","FALSE"
"RGarcia172","Garcia","Robert","]?m]T$~T","2/5/2026 2:56","2/2/2026 16:16","TRUE"
"JMartin173","Martin","Jacob","0Qp;$tN[","2/3/2026 8:28","1/24/2026 23:45","FALSE"
"DJackson174","Jackson","Donna","y1#gA=e2","1/3/2026 1:10","2/5/2026 11:06","FALSE"
"JSmith175","Smith","Jessica","IFHd*C2Y","1/9/2026 19:31","1/30/2026 4:58","FALSE"
"LJohnson","Johnson","Lisa","ULBFV{4c","1/8/2026 19:28","1/23/2026 9:36","FALSE"
"NGarcia176","Garcia","Nancy","=3S4)3Ur","1/22/2026 18:07","2/3/2026 7:25","FALSE"
"NThompson","Thompson","Nancy","`orrr@=P","1/26/2026 3:14","2/4/2026 1:12","FALSE"
"SJohnson177","Johnson","Susan","*>*?9.n(","1/31/2026 12:30","1/31/2026 19:17","FALSE"
"AMartin","Martin","Anthony","05uxm)}R","1/9/2026 9:02","2/4/2026 0:29","FALSE"
"PWilliams","Williams","Patricia","%/X2+!>*","2/2/2026 22:00","1/31/2026 9:28","FALSE"
"KRodriguez","Rodriguez","Karen","q0SCe/R:","1/26/2026 14:29","2/4/2026 11:59","FALSE"
"PGarcia","Garcia","Patricia",":dIKB3%9","2/1/2026 14:17","1/24/2026 5:35","FALSE"
"SBrown178","Brown","Susan","`isfJ=Ww","1/4/2026 8:45","1/23/2026 2:57","TRUE"
"NMore179","More","Noah","<#\}ghw2","2/4/2026 16:54","1/31/2026 8:30","FALSE"
"EJones180","Jones","Emily","K~:f><Ui","1/18/2026 4:58","2/5/2026 1:52","FALSE"
"CJohnson181","Johnson","Charles","0BOJG[R~","1/10/2026 4:34","1/28/2026 7:34","FALSE"
"LTaylor182","Taylor","Linda","E_Le(9Ov","1/1/2026 13:55","2/5/2026 6:19","FALSE"
"KJackson","Jackson","Karen","0YLOUehQ","1/21/2026 14:12","1/25/2026 23:07","FALSE"
"JMiller183","Miller","John","<HWyZ]zH","1/7/2026 20:02","2/1/2026 14:26","FALSE"
"EDavis","Davis","Emily","Z)p^B\K_","1/8/2026 2:15","1/23/2026 6:20","FALSE"
"RRodriguez","Rodriguez","Robert","qPdm9)mC","1/5/2026 1:08","1/26/2026 9:48","FALSE"
"CRodriguez","Rodriguez","Christopher","ROUOO(vj","1/21/2026 21:43","2/1/2026 19:00","FALSE"
"MLopez184","Lopez","Michael","$^]c/md:","1/19/2026 5:55","1/31/2026 15:03","FALSE"
"MMartin185","Martin","Michael","u+5IP-Bf","1/8/2026 19:25","2/1/2026 14:54","FALSE"
"WJohnson186","Johnson","Williams","Q0n%JFLt","1/3/2026 4:30","1/27/2026 20:21","FALSE"
"JRodriguez187","Rodriguez","John","!ikbRt9A","1/8/2026 4:05","1/26/2026 13:30","FALSE"
"JJohnson188","Johnson","Jessica","j(n*~'|X","1/1/2026 13:07","1/30/2026 3:47","FALSE"
"SWhite189","White","Steven","I'6O4fN;","1/18/2026 0:54","1/27/2026 9:55","TRUE"
"JGarcia190","Garcia","Joseph","K%>;{TF}","1/16/2026 23:30","1/27/2026 17:26","FALSE"
"EBrown191","Brown","Elizabeth","QsPuJqXJ","1/12/2026 22:55","1/26/2026 3:36","FALSE"
"JGarcia192","Garcia","James","#{~4\_=Q","1/19/2026 14:54","2/5/2026 2:43","FALSE"
"EMore193","More","Elizabeth","Twpimlzc","1/14/2026 13:24","1/26/2026 19:30","FALSE"
"JAnderson194","Anderson","Jennifer","={u~vXY~","2/1/2026 11:11","1/25/2026 17:52","FALSE"
"SMiller195","Miller","Steven","BRx;vcMM","1/7/2026 17:13","1/27/2026 23:07","FALSE"
"KMartin","Martin","Karen","3<\2(iRF","1/5/2026 7:28","1/26/2026 0:44","FALSE"
"BWilliams196","Williams","Barbara","L;>\x<kq","1/12/2026 8:26","1/31/2026 9:35","FALSE"
"NJohnson197","Johnson","Nancy","JP?Vyr;1","1/14/2026 13:58","1/26/2026 12:05","FALSE"
"AWhite198","White","Ashley","N1/4KLxM","1/12/2026 16:37","2/2/2026 6:48","TRUE"
"DRodriguez199","Rodriguez","David","rc[$c4)U","1/5/2026 21:49","1/27/2026 17:00","FALSE"
"JSmith200","Smith","Jessica","W8hrHDx.","1/10/2026 11:55","2/2/2026 15:05","FALSE"
"JMartin201","Martin","Jacob","YpNzm4f<","1/14/2026 22:35","1/30/2026 14:58","FALSE"
"EWhite","White","Emily","!V!?TGLC","1/20/2026 7:43","1/28/2026 16:44","FALSE"
"DJones202","Jones","Daniel",".!U3mpej","1/5/2026 14:55","1/23/2026 9:12","FALSE"
"EMiller","Miller","Emily","sES802]}","2/1/2026 9:13","2/3/2026 5:38","FALSE"
"MJackson203","Jackson","Michael","6LZDw-|}","1/11/2026 6:42","2/3/2026 20:16","FALSE"
"SBrown204","Brown","Sara","F>!:Z<W4","1/9/2026 12:42","2/4/2026 17:07","FALSE"
"SSmith205","Smith","Sara","C*[FBX8O","1/26/2026 5:49","2/4/2026 15:01","FALSE"
"LTaylor206","Taylor","Lisa","MnX0)n#3","1/19/2026 16:21","1/31/2026 18:35","FALSE"
"DLopez207","Lopez","Donald","lgv=jkVO","1/4/2026 5:40","1/27/2026 20:28","FALSE"
"MMartin208","Martin","Margaret","c_@N8zEW","1/19/2026 16:08","2/1/2026 3:45","FALSE"
"JDavis209","Davis","John","68t*!@gk","1/26/2026 3:23","1/29/2026 15:27","FALSE"
"KWhite210","White","Kimberly","A&{];88^","1/14/2026 23:58","1/23/2026 13:33","FALSE"
"NDavis211","Davis","Nate","GCR^cF$b","1/8/2026 22:18","2/4/2026 1:31","FALSE"
"NWilliams212","Williams","Noah","@wOe9F3k","1/8/2026 14:02","1/24/2026 11:24","FALSE"
"EDavis213","Davis","Emily","gVqP4NAh","1/26/2026 17:43","1/24/2026 7:37","FALSE"
"DMore214","More","David","8X][W^C`","1/22/2026 1:32","1/30/2026 17:27","FALSE"
"NAnderson215","Anderson","Nate","6>LHClUD","1/17/2026 12:36","2/2/2026 6:01","FALSE"
"EMartin216","Martin","Emily","j:kjB1KV","1/30/2026 12:35","1/24/2026 15:19","FALSE"
"SMore217","More","Susan","Wi\/sRR\","1/20/2026 10:48","1/25/2026 4:01","FALSE"
"BJohnson218","Johnson","Betty","vU~xu^-q","2/2/2026 18:05","1/27/2026 16:33","FALSE"
"JLee219","Lee","Jacob","*CB?#%4(","1/22/2026 22:57","1/28/2026 0:13","FALSE"
"DRodriguez220","Rodriguez","Daniel","u!j'O(OR","1/12/2026 3:19","1/29/2026 13:22","FALSE"
"ATaylor221","Taylor","Andrew","55Swz~rm","1/7/2026 4:08","2/2/2026 7:19","FALSE"
"WGarcia","Garcia","Williams","rqJRS#h^","1/6/2026 0:45","2/3/2026 0:26","FALSE"
"MTaylor222","Taylor","Mary","jF5N;2^8","1/29/2026 13:44","2/3/2026 16:32","FALSE"
"ALee223","Lee","Andrew","a[y1j04p","1/15/2026 0:47","1/28/2026 11:37","FALSE"
"ELee224","Lee","Elizabeth","nKyCg>Ks","1/31/2026 5:12","2/4/2026 6:27","FALSE"
"RSmith225","Smith","Robert","z#~;T|HN","1/31/2026 8:50","1/23/2026 19:34","FALSE"
"SLee226","Lee","Sara","a-(_m!iL","1/2/2026 0:13","2/3/2026 2:23","FALSE"
"NLopez","Lopez","Nancy","!:w=8p\^","1/22/2026 17:14","1/27/2026 23:05","FALSE"
"NMartin227","Martin","Nate","^v'VM}6.","1/13/2026 7:17","1/27/2026 20:58","FALSE"
"MAnderson228","Anderson","Mark","B@wVX7&=","1/12/2026 17:33","2/4/2026 18:19","FALSE"
"CLee229","Lee","Christopher","trab2Y-l","12/31/2025 20:51","1/26/2026 8:39","FALSE"
"KMiller","Miller","Kimberly","^4<M*9oS","2/3/2026 20:30","2/4/2026 22:12","FALSE"
"JBrown230","Brown","Jacob","|N-I$vHR","1/25/2026 18:31","1/27/2026 8:23","FALSE"
"NTaylor231","Taylor","Noah","o<\Jj8<6","12/31/2025 20:48","1/28/2026 22:44","FALSE"
"DThompson232","Thompson","Daniel","IM<he&KJ","1/17/2026 17:56","2/1/2026 2:15","FALSE"
"JWhite233","White","Jennifer","gI6)T:?r","1/27/2026 21:17","1/28/2026 15:20","FALSE"
"JJones234","Jones","Jennifer","yuuH:~|T","2/5/2026 2:11","1/24/2026 15:44","FALSE"
"SWilliams235","Williams","Steven","ppUet0vj","1/8/2026 7:14","1/31/2026 5:27","FALSE"
"SWilliams236","Williams","Steven","knC(gX+F","1/13/2026 9:44","2/1/2026 15:19","FALSE"
"DThompson237","Thompson","David","N(V?l@=I","1/28/2026 12:46","2/1/2026 20:55","FALSE"
"DJohnson238","Johnson","David","t&[Gz%w~","1/7/2026 5:40","1/30/2026 21:20","FALSE"
"SWilliams239","Williams","Sara","gF7mJ37O","1/11/2026 18:31","2/3/2026 22:58","FALSE"
"CBrown","Brown","Charles","YN-)b6'!","1/11/2026 12:45","2/5/2026 2:12","FALSE"
"KBrown","Brown","Kimberly","9AOHTfta","1/20/2026 7:18","1/25/2026 9:21","FALSE"
"MLopez240","Lopez","Mary","pYM3%xM{","1/5/2026 9:35","2/1/2026 4:41","FALSE"
"RRodriguez241","Rodriguez","Robert","RZupnt;j","1/3/2026 14:40","1/31/2026 10:07","FALSE"
"JAnderson242","Anderson","Jennifer","D9*0M#bF","1/5/2026 11:19","1/26/2026 22:47","FALSE"
"AMiller243","Miller","Ashley","Z)@u?eEI","1/23/2026 7:04","1/25/2026 20:26","FALSE"
"AThompson244","Thompson","Andrew","#*g^Xr80","1/14/2026 23:15","1/28/2026 18:31","FALSE"
"MSmith245","Smith","Michael","Uw\JEv;s","1/15/2026 12:12","1/27/2026 14:38","FALSE"
"JThompson","Thompson","Jacob","n}V.J8:9","1/3/2026 12:12","1/23/2026 15:15","TRUE"
"KJohnson246","Johnson","Karen","^uxSo9x?","1/11/2026 17:40","2/2/2026 8:46","FALSE"
"SMiller247","Miller","Sarah","YYKMc8jW","1/18/2026 2:30","2/1/2026 8:27","FALSE"
"CDavis248","Davis","Charles",")7j?>-<[","2/5/2026 14:02","1/29/2026 18:22","FALSE"
"JMore249","More","James","LdjWq1-j","1/8/2026 20:33","2/5/2026 13:23","TRUE"
"ASmith","Smith","Ashley","kvE?Q<6J","1/29/2026 0:16","1/24/2026 21:49","FALSE"
"RJackson250","Jackson","Robert","X7w6`7P}","1/1/2026 2:44","1/29/2026 2:51","FALSE"
"KWilliams251","Williams","Karen","]z)8^uVx","2/2/2026 12:39","1/27/2026 9:50","FALSE"
"LJackson","Jackson","Lisa","N@y)cp6.","2/1/2026 18:58","1/27/2026 8:14","TRUE"
"JMore252","More","Joseph","z}m4WYz:","1/20/2026 2:20","1/31/2026 12:09","FALSE"
"MDavis253","Davis","Mary","D-Y!'wH|","1/4/2026 3:03","1/29/2026 12:44","TRUE"
"CWhite254","White","Charles","tg+uOu?)","1/26/2026 15:25","2/3/2026 21:49","FALSE"
"CBrown255","Brown","Charles","+G}?{1\t","1/4/2026 10:52","1/22/2026 19:22","FALSE"
"SWilliams256","Williams","Susan","L`st;0o#","1/31/2026 2:20","1/23/2026 5:03","FALSE"
"JBrown257","Brown","James","tyfW&sY)","1/20/2026 23:38","1/29/2026 20:00","FALSE"
"KThompson","Thompson","Kimberly","x.|mJyvl","1/26/2026 15:55","1/26/2026 6:43","FALSE"
"RThompson258","Thompson","Richard","N*@]5<~A","1/16/2026 21:19","1/29/2026 11:37","FALSE"
"JJones259","Jones","James","PBAue\2#","1/14/2026 14:49","1/23/2026 11:00","FALSE"
"PThompson","Thompson","Patricia",">SB2i]%9","12/31/2025 2:25","1/28/2026 7:22","FALSE"
"SLopez260","Lopez","Sara","5d4^lR!!","2/2/2026 19:09","1/25/2026 10:15","FALSE"
"NJones261","Jones","Nancy","[L>K!O4D","1/4/2026 19:22","1/26/2026 21:36","FALSE"
"CThompson262","Thompson","Christopher","IFV%abZB","1/28/2026 12:01","1/30/2026 1:40","FALSE"
"MWilliams263","Williams","Mark","O3=4&NwB","1/13/2026 16:37","2/3/2026 19:23","FALSE"
"MSmith264","Smith","Margaret","Mu<Q{s0f","1/25/2026 9:37","1/24/2026 3:51","FALSE"
"NRodriguez265","Rodriguez","Nate","@reA{QQ]","1/11/2026 16:23","2/4/2026 9:14","FALSE"
"MWhite266","White","Mark","%|q:<jb'","1/18/2026 6:02","1/28/2026 10:19","FALSE"
"ALee267","Lee","Andrew","FFZO')v\","1/25/2026 6:49","1/30/2026 13:05","FALSE"
"RThompson268","Thompson","Richard","~#porTk_","1/29/2026 17:59","1/29/2026 20:35","FALSE"
"JDavis269","Davis","John","KWp$tS.1","1/22/2026 9:07","1/30/2026 11:24","FALSE"
"JLopez270","Lopez","John","J(3'zu%5","1/28/2026 17:03","2/4/2026 2:43","TRUE"
"MThompson271","Thompson","Margaret","L6^.-2R^","2/3/2026 13:09","1/22/2026 20:21","FALSE"
"JRodriguez272","Rodriguez","John","l`?3\fND","2/5/2026 2:04","1/24/2026 16:31","FALSE"
"NTaylor273","Taylor","Nate","o7fH?.$d","1/12/2026 18:25","1/23/2026 20:20","FALSE"
"NThompson274","Thompson","Noah","ESiAWZ}X","1/16/2026 12:05","2/4/2026 15:55","FALSE"
"DSmith275","Smith","Donna","8L%xzm<#","1/6/2026 4:00","1/23/2026 4:17","FALSE"
"SAnderson276","Anderson","Sandra","*G]3NZ5d","1/15/2026 21:09","1/24/2026 21:09","FALSE"
"LJohnson277","Johnson","Linda","/?l5/-3]","1/26/2026 12:43","1/27/2026 10:01","FALSE"
"JSmith278","Smith","Jessica","5Ec<Seux","1/2/2026 18:16","1/31/2026 9:24","FALSE"
"TRodriguez","Rodriguez","Thomas","h]_Rr/^.","12/31/2025 18:22","1/23/2026 2:49","FALSE"
"JMiller279","Miller","Joseph","rl-k.:&|","1/19/2026 4:33","1/30/2026 19:02","FALSE"
"JSmith280","Smith","Joseph","X1m^-Lbd","12/31/2025 15:14","1/26/2026 21:00","FALSE"
"SLee281","Lee","Susan","FIQUW*Tz","1/7/2026 19:06","1/23/2026 1:44","FALSE"
"SJones282","Jones","Sarah","c^o^OwN^","1/4/2026 14:21","1/24/2026 10:48","FALSE"
"ARodriguez","Rodriguez","Anthony","$JtC-jHb","1/13/2026 0:11","1/27/2026 23:01","FALSE"
"STaylor283","Taylor","Steven","Vl~5Pu$5","2/4/2026 17:24","1/25/2026 9:05","FALSE"
"DAnderson284","Anderson","Donald","P+TT3H9?","1/14/2026 20:53","1/31/2026 0:14","FALSE"
"SLopez285","Lopez","Sarah","ORpH9UD$","1/16/2026 9:12","1/31/2026 10:17","FALSE"
"SLee286","Lee","Sarah","19asz1He","1/29/2026 2:30","1/27/2026 1:47","FALSE"
"SWhite287","White","Sandra","q.1:bB&\","1/30/2026 18:47","1/22/2026 23:11","FALSE"
"SMartin288","Martin","Steven","+1`FR|)V","1/16/2026 3:01","2/3/2026 8:00","TRUE"
"CJohnson289","Johnson","Charles","PWg2ylR<","1/17/2026 19:39","1/25/2026 13:34","FALSE"
"DMiller290","Miller","Daniel","sZAi6+!e","1/14/2026 4:59","2/1/2026 15:15","FALSE"
"JSmith291","Smith","James","Jo]rhWVm","2/3/2026 10:16","2/5/2026 15:04","FALSE"
"MTaylor292","Taylor","Mark","LD^<>S0k","1/25/2026 12:43","1/31/2026 1:21","FALSE"
"NBrown","Brown","Nancy","|k!:_Va+","2/1/2026 15:01","2/3/2026 15:30","FALSE"
"SJones293","Jones","Sandra",">%f`PJI5","1/14/2026 3:14","1/31/2026 1:53","FALSE"
"RJones","Jones","Richard","lF`BVmmH","1/6/2026 10:50","2/5/2026 3:11","FALSE"
"EThompson294","Thompson","Emily","b=w{qq\U","1/26/2026 12:51","2/2/2026 9:57","FALSE"
"NGarcia295","Garcia","Nancy","$TL<DK.u","1/17/2026 3:39","1/29/2026 15:53","FALSE"
"KJackson296","Jackson","Karen","MOu?y*Yx","1/6/2026 12:46","2/4/2026 13:47","FALSE"
"BRodriguez","Rodriguez","Betty","OV<VJxcf","12/30/2025 20:06","2/4/2026 15:12","FALSE"
"ASmith297","Smith","Anthony","@.|~Wy|&","1/19/2026 17:02","1/30/2026 12:34","FALSE"
"PTaylor298","Taylor","Patricia","H{D`vai5","1/8/2026 5:39","1/26/2026 19:11","FALSE"
"BAnderson","Anderson","Betty","?(lQ{@D6","1/1/2026 18:03","1/27/2026 13:43","FALSE"
"KDavis299","Davis","Karen","UF(~2l24","1/30/2026 15:17","2/5/2026 2:23","FALSE"
"MRodriguez300","Rodriguez","Michael","v?b@fl<d","1/17/2026 12:52","2/5/2026 12:50","FALSE"
"MThompson301","Thompson","Mark",")0;>X<K%","1/12/2026 14:35","1/27/2026 1:07","FALSE"
"MGarcia","Garcia","Mary","~zH$cAVe","1/13/2026 16:27","1/29/2026 14:12","FALSE"
"DTaylor302","Taylor","Donald","QNs?o~NW","1/2/2026 8:36","2/2/2026 1:57","FALSE"
"MWilliams303","Williams","Mary","AaJoNsj9","1/22/2026 18:17","1/24/2026 2:53","FALSE"
"JRodriguez304","Rodriguez","Joseph","JoA|p_Uo","1/8/2026 23:31","1/29/2026 12:57","FALSE"
"JAnderson305","Anderson","John","pP:J*ve`","1/23/2026 16:18","2/4/2026 15:07","FALSE"
"DWilliams306","Williams","Donna","~vb{:oZ:","1/13/2026 14:02","1/24/2026 15:42","FALSE"
"BTaylor","Taylor","Barbara","G``=M8C*","2/3/2026 10:37","2/4/2026 13:26","TRUE"
"BJones","Jones","Betty","(e#}w];z","1/7/2026 6:34","2/4/2026 21:20","FALSE"
"ABrown307","Brown","Andrew","j45`Z5qm","1/17/2026 13:35","1/26/2026 20:14","FALSE"
"RMiller308","Miller","Richard","24E&JR6/","1/19/2026 20:39","2/5/2026 0:25","FALSE"
"ETaylor","Taylor","Emily","cwY+0VmI","1/17/2026 2:40","2/2/2026 8:56","TRUE"
"EWhite309","White","Elizabeth","V;HVp^eB","1/15/2026 8:10","2/2/2026 22:57","TRUE"
"ARodriguez310","Rodriguez","Ashley","jys9u`oM","1/21/2026 16:48","1/27/2026 13:18","FALSE"
"PDavis311","Davis","Patricia","(ve7U[hw","1/17/2026 4:23","1/30/2026 14:29","FALSE"
"EAnderson312","Anderson","Elizabeth","yiUt{(t<","2/2/2026 21:42","2/1/2026 10:11","FALSE"
"PBrown313","Brown","Patricia","_^0Ad2ZU","1/29/2026 13:30","2/4/2026 8:06","FALSE"
"RJohnson314","Johnson","Richard","_$|m:v:q","1/10/2026 2:28","2/3/2026 15:49","FALSE"
"RBrown","Brown","Richard","]Sb>+RYE","1/3/2026 15:24","2/3/2026 4:44","FALSE"
"NTaylor315","Taylor","Nate","ZcM'Do0P","1/3/2026 4:40","1/27/2026 19:00","FALSE"
"DMartin316","Martin","Donna","0=6-wH5t","1/2/2026 9:07","1/26/2026 16:00","FALSE"
"SMartin317","Martin","Sandra","p)'5oSuW","1/29/2026 17:25","1/29/2026 22:08","FALSE"
"SDavis","Davis","Sandra","p-f>bw''","2/2/2026 13:16","1/22/2026 18:52","TRUE"
"PBrown318","Brown","Patricia","^[Gn_]pf","1/18/2026 4:41","1/31/2026 2:33","FALSE"
"JWilliams319","Williams","Jessica","-4W{Ds+i","1/4/2026 8:23","1/23/2026 15:06","FALSE"
"DAnderson320","Anderson","Daniel","*UkBz0OD","2/2/2026 13:11","1/26/2026 7:09","FALSE"
"WMore","More","Williams","@k:*?eMV","1/12/2026 7:53","2/3/2026 6:19","FALSE"
"LWhite321","White","Lisa","Xu!4$}*&","1/3/2026 11:54","1/27/2026 1:15","FALSE"
"SRodriguez322","Rodriguez","Steven","tna|A1oH","1/21/2026 12:46","2/4/2026 20:18","FALSE"
"MMiller323","Miller","Margaret","$&fLU!8.","1/24/2026 2:05","1/25/2026 13:08","FALSE"
"MJones324","Jones","Margaret","DD\BDVEW","1/1/2026 17:22","1/26/2026 23:23","FALSE"
"JJones325","Jones","Jacob","r'8;&|`R","1/20/2026 17:53","2/3/2026 3:30","FALSE"
"SDavis326","Davis","Sarah","ruwW}ADK","1/8/2026 14:42","1/22/2026 23:09","FALSE"
"PLopez327","Lopez","Patricia","MJb5.Ae'","1/30/2026 4:36","1/23/2026 11:23","FALSE"
"MLopez328","Lopez","Mark","u2#_y_4[","1/29/2026 5:56","1/28/2026 15:36","FALSE"
"SMiller329","Miller","Sara","M]./9!99","1/24/2026 0:23","1/23/2026 5:25","FALSE"
"KLopez","Lopez","Karen","_nKmn_7G","2/2/2026 23:02","2/3/2026 5:47","FALSE"
"DSmith330","Smith","Donald","tIL_)qp}","1/26/2026 3:07","2/5/2026 3:20","FALSE"
"MAnderson331","Anderson","Mark","Rvz6]Du[","1/2/2026 8:06","2/3/2026 6:33","FALSE"
"KDavis332","Davis","Karen","C@s4(2lU","1/14/2026 20:46","2/4/2026 23:38","TRUE"
"NJohnson333","Johnson","Nancy","i6{8dsGj","2/3/2026 0:17","2/1/2026 8:35","FALSE"
"MGarcia334","Garcia","Mark","NI>yLN8e","1/5/2026 0:00","1/23/2026 5:21","FALSE"
"CRodriguez335","Rodriguez","Charles","C.>^Z-*d","1/12/2026 18:28","1/27/2026 20:07","FALSE"
"MLee336","Lee","Margaret","=o5]PR8L","1/30/2026 22:37","1/22/2026 18:53","FALSE"
"MDavis337","Davis","Mark","7u;d3P]m","1/21/2026 13:22","1/24/2026 12:26","FALSE"
"KRodriguez338","Rodriguez","Karen","'%[GG+:*","2/4/2026 10:36","1/27/2026 15:47","FALSE"
"PWilliams339","Williams","Patricia","H4V?lii]","1/16/2026 14:17","1/27/2026 18:18","FALSE"
"MMiller340","Miller","Mary","*1L1!qAQ","2/3/2026 9:31","2/4/2026 16:57","FALSE"
"BSmith","Smith","Barbara","+s8`89B;","2/3/2026 23:24","2/4/2026 4:44","FALSE"
"BAnderson341","Anderson","Betty","}?+YkGDd","1/23/2026 2:46","1/24/2026 19:47","FALSE"
"SLopez342","Lopez","Sara","!I?V<~1l","12/31/2025 15:34","1/24/2026 19:46","FALSE"
"KThompson343","Thompson","Karen","YkPf.}pY","1/1/2026 13:35","1/31/2026 0:44","FALSE"
"SMartin344","Martin","Susan","C0w_Tzeg","1/15/2026 23:43","1/28/2026 19:19","FALSE"
"SMartin345","Martin","Sarah","{J[@yH?k","1/16/2026 4:03","1/24/2026 1:26","FALSE"
"DGarcia346","Garcia","David","T^v=Mb'0","1/11/2026 15:44","2/5/2026 3:11","FALSE"
"JGarcia347","Garcia","James","a24lvq7d","1/3/2026 17:29","1/24/2026 8:35","TRUE"
"MThompson348","Thompson","Mary","=$LM`.b\","2/5/2026 2:16","2/4/2026 13:14","FALSE"
"TSmith","Smith","Thomas","z{SP47ai","2/2/2026 6:19","1/29/2026 9:54","FALSE"
"MMartin349","Martin","Margaret","4.;6`5dY","1/7/2026 1:49","1/23/2026 21:46","FALSE"
"BWilliams350","Williams","Barbara","H7-;ecn|","1/22/2026 15:17","1/27/2026 13:41","FALSE"
"MThompson351","Thompson","Matthew","M;ts5H\~","1/29/2026 13:43","1/30/2026 15:42","FALSE"
"LBrown352","Brown","Lisa","x>pnuZ)4","2/4/2026 19:33","1/30/2026 23:21","FALSE"
"BJohnson353","Johnson","Barbara","h_2)Z<Rs","1/6/2026 8:59","2/2/2026 19:23","FALSE"
"WLopez354","Lopez","Williams","|{V]eq._","1/19/2026 17:35","2/2/2026 20:14","FALSE"
"JThompson355","Thompson","Jacob","ObGHb/QE","1/9/2026 8:09","1/24/2026 1:39","FALSE"
"JLee356","Lee","Jacob","vi|<Z9H<","1/11/2026 14:35","1/23/2026 14:57","FALSE"
"JJackson357","Jackson","Jacob","_[8TKsV@","1/2/2026 16:22","1/27/2026 23:10","FALSE"
"CMiller358","Miller","Charles","Re&&H&=$","1/3/2026 12:36","1/23/2026 0:33","FALSE"
"LDavis359","Davis","Lisa","xSI'(C1G","1/13/2026 2:41","1/26/2026 13:43","FALSE"
"BGarcia360","Garcia","Betty","]}}z2aQ5","1/30/2026 17:15","2/5/2026 6:14","FALSE"
"JMore361","More","Joseph","*`:Uqek?","1/23/2026 19:43","2/3/2026 23:17","FALSE"
"JJackson362","Jackson","Joseph","v4#ZZyOm","1/29/2026 12:09","1/23/2026 3:54","FALSE"
"JJohnson363","Johnson","Joseph","I;{BA+}.","12/30/2025 15:54","1/24/2026 6:25","FALSE"
"DAnderson364","Anderson","Donna","(AbaA9<x","1/13/2026 12:23","1/30/2026 0:22","FALSE"
"SLopez365","Lopez","Sara","fFY8Ew9F","1/1/2026 13:55","1/24/2026 6:04","FALSE"
"SWilliams366","Williams","Steven","DS=BzweP","1/13/2026 19:14","1/29/2026 22:39","FALSE"
"DThompson367","Thompson","Donna","`e{YxN*u","1/14/2026 18:12","1/25/2026 13:10","FALSE"
"SJones368","Jones","Sandra","b&SEq}F/","1/29/2026 0:09","1/29/2026 21:49","FALSE"
"RLopez369","Lopez","Robert","en_yYO[o","1/8/2026 16:49","1/23/2026 18:20","FALSE"
"LJackson370","Jackson","Lisa","jP2;23EJ","2/2/2026 0:49","2/1/2026 4:36","FALSE"
"AThompson371","Thompson","Ashley","4?3p>ib.","1/21/2026 15:11","1/29/2026 5:38","FALSE"
"PRodriguez","Rodriguez","Patricia","HvtcNGD{","1/10/2026 0:52","1/29/2026 10:14","FALSE"
"MWilliams372","Williams","Mary","nOQRK$Yi","1/23/2026 3:33","1/31/2026 3:52","FALSE"
"LMore","More","Linda","OI6*.51E","1/2/2026 1:10","2/3/2026 3:58","FALSE"
"SMore373","More","Susan","69GEh^Lv","1/2/2026 16:17","1/25/2026 10:55","FALSE"
"WMore374","More","Williams",":TqNu-]n","2/1/2026 23:24","1/30/2026 17:45","FALSE"
"SLopez375","Lopez","Susan","Sujrv9.^","2/4/2026 16:06","1/25/2026 14:06","FALSE"
"CTaylor","Taylor","Christopher","k'P|G0wM","1/27/2026 8:33","1/27/2026 22:52","FALSE"
"KMore376","More","Kimberly","z@=A+Hvs","1/22/2026 22:54","1/26/2026 6:58","FALSE"
"ABrown377","Brown","Anthony","/SCiu(9t","1/9/2026 2:23","1/27/2026 18:39","FALSE"
"CSmith378","Smith","Christopher","K=vU2L<\","1/16/2026 17:04","1/25/2026 5:58","FALSE"
"EWilliams","Williams","Emily","X%sMDnl[","1/15/2026 12:14","1/30/2026 19:36","FALSE"
"RBrown379","Brown","Richard",":5#O]r}*","1/14/2026 11:18","1/27/2026 2:57","FALSE"
"JMiller380","Miller","Joseph","-u$^}]&z","1/11/2026 7:17","1/26/2026 10:14","FALSE"
"JThompson381","Thompson","Joseph","n%)48YOo","1/18/2026 20:16","1/25/2026 14:36","TRUE"
"RMiller382","Miller","Richard","014&6cIK","1/26/2026 21:12","1/25/2026 23:21","FALSE"
"BBrown383","Brown","Betty","rSUvX>s(","1/5/2026 1:49","1/26/2026 8:01","FALSE"
"JSmith384","Smith","James","]WR%{PsH","2/2/2026 3:27","1/24/2026 14:14","FALSE"
"MBrown385","Brown","Margaret","$Mk`;ZJ{","1/11/2026 8:59","2/2/2026 4:38","FALSE"
"CJackson386","Jackson","Christopher","4R8R4%}4","1/19/2026 7:40","1/28/2026 4:50","FALSE"
"MMore387","More","Michael","m#|uT\i7","2/2/2026 5:12","2/1/2026 20:15","TRUE"
"DTaylor388","Taylor","Daniel","aV%eMP5H","1/19/2026 10:26","1/25/2026 17:32","FALSE"
"NRodriguez389","Rodriguez","Nate","eEWtM[|H","1/1/2026 23:34","2/2/2026 6:07","FALSE"
"DMiller390","Miller","Daniel","Vn>Dz'qA","1/13/2026 19:02","1/30/2026 12:36","FALSE"
"KAnderson391","Anderson","Karen","VTykc|5Q","1/31/2026 18:19","2/1/2026 22:48","FALSE"
"NDavis392","Davis","Nancy","}#7htzrz","12/31/2025 12:33","2/4/2026 5:33","FALSE"
"LAnderson393","Anderson","Lisa","{;hLjl=<","1/17/2026 0:15","1/24/2026 8:42","TRUE"
"MJackson394","Jackson","Mary","h&)3Y[$E","1/22/2026 9:18","1/29/2026 7:41","FALSE"
"KRodriguez395","Rodriguez","Kimberly","H@/F&ns-","12/31/2025 20:53","1/31/2026 1:11","FALSE"
"MJones396","Jones","Michael","SU=pAeI@","1/4/2026 0:39","1/24/2026 21:27","FALSE"
"NWhite","White","Nancy","4/PzIT:u","1/9/2026 7:55","2/4/2026 0:52","FALSE"
"RJackson397","Jackson","Richard",">TOz*ogE","1/13/2026 20:10","2/2/2026 12:59","FALSE"
"KJackson398","Jackson","Karen",";2aO.T0Y","1/11/2026 9:31","1/25/2026 2:35","FALSE"
"NTaylor399","Taylor","Nate","ZLeOVLV7","1/21/2026 7:29","1/27/2026 6:26","FALSE"
"TWilliams","Williams","Thomas","QDCJc/}W","1/22/2026 6:01","2/5/2026 1:06","FALSE"
"NSmith400","Smith","Nate","ZXQM{17M","1/14/2026 13:05","1/27/2026 9:28","TRUE"
"ABrown401","Brown","Ashley","iNJD/r1/","1/2/2026 3:19","1/30/2026 7:25","FALSE"
"AMiller402","Miller","Anthony","xoW0U+L2","2/4/2026 20:23","1/29/2026 18:04","FALSE"
"JJohnson403","Johnson","John","(RXbgOV(","2/4/2026 10:20","2/3/2026 11:56","FALSE"
"MDavis404","Davis","Matthew","dmL!*<J~","1/5/2026 6:43","1/30/2026 22:00","FALSE"
"JGarcia405","Garcia","Jennifer","d3^}$'d3","1/26/2026 16:33","1/29/2026 15:07","FALSE"
"ADavis406","Davis","Ashley","Xp^6~1]r","1/20/2026 17:39","1/29/2026 13:58","FALSE"
"PMiller","Miller","Patricia","JRj:dali","1/14/2026 20:56","1/25/2026 2:49","FALSE"
"ADavis407","Davis","Ashley",":87.My\=","1/9/2026 6:10","2/2/2026 12:44","FALSE"
"MDavis408","Davis","Mary","i1f.xT|$","1/6/2026 10:26","2/3/2026 22:11","FALSE"
"JJones409","Jones","Jacob","MaS?58T^","1/20/2026 22:47","1/28/2026 14:28","FALSE"
"MLee410","Lee","Mark","3AkB\'aA","1/14/2026 3:45","1/22/2026 21:53","FALSE"
"MMiller411","Miller","Mark","@%+UC44K","1/15/2026 6:30","1/28/2026 8:31","TRUE"
"TRodriguez412","Rodriguez","Thomas","!Zby<FI+","1/16/2026 10:10","2/4/2026 14:27","FALSE"
"PLopez413","Lopez","Patricia","0@JV>7uj","1/31/2026 12:31","1/23/2026 7:12","FALSE"
"CWilliams","Williams","Charles","h}EAY)^[","1/16/2026 4:07","1/31/2026 16:09","FALSE"
"JWhite414","White","Joseph","Af~X^B0[","1/3/2026 23:42","2/4/2026 23:51","FALSE"
"BWilliams415","Williams","Betty","Jb:E-~c'","1/22/2026 15:39","1/27/2026 13:56","TRUE"
"CMore","More","Christopher","lU@f`H)w","1/2/2026 14:07","2/2/2026 12:28","TRUE"
"EDavis416","Davis","Elizabeth","/>L-TSAy","1/29/2026 3:37","1/24/2026 6:45","FALSE"
"NJohnson417","Johnson","Nate","eFi_]_Nj","12/31/2025 9:39","1/31/2026 7:18","FALSE"
"DThompson418","Thompson","Donna","fvuK?yIy","1/31/2026 10:11","1/27/2026 5:50","FALSE"
"ARodriguez419","Rodriguez","Anthony","ph!ooCqK","1/15/2026 1:16","2/3/2026 7:21","FALSE"
"WLopez420","Lopez","Williams","l-i*^#>R","1/8/2026 19:39","1/28/2026 8:17","FALSE"
"AMore","More","Ashley","QVh/#n<C","1/16/2026 17:51","2/2/2026 9:41","FALSE"
"MSmith421","Smith","Matthew","oR&;9%SM","2/3/2026 13:06","1/25/2026 12:10","FALSE"
"DBrown422","Brown","Donna","]T>J^>bZ","1/18/2026 22:27","2/4/2026 16:32","FALSE"
"DLopez423","Lopez","David","_52hC)RO","1/11/2026 4:07","1/30/2026 19:26","FALSE"
"JLee424","Lee","Jessica","LFj0BoGg","1/22/2026 16:57","2/4/2026 0:02","FALSE"
"NMiller","Miller","Noah","\&S}vnUU","1/26/2026 4:36","2/2/2026 21:33","TRUE"
"AMore425","More","Ashley","#NAME?","1/25/2026 5:26","2/3/2026 9:35","FALSE"
"WGarcia426","Garcia","Williams","RocH;@Y%","1/14/2026 7:43","1/26/2026 22:51","FALSE"
"JDavis427","Davis","James","}1GgB`2T","1/9/2026 14:38","2/2/2026 21:01","FALSE"
"SRodriguez428","Rodriguez","Sandra","c@El$O<x","1/2/2026 5:01","2/2/2026 2:42","FALSE"
"NSmith429","Smith","Nancy","^%FEAoe;","1/29/2026 2:06","2/4/2026 2:50","FALSE"
"PBrown430","Brown","Patricia","P9xh)o3y","1/7/2026 18:15","2/2/2026 20:01","FALSE"
"ADavis431","Davis","Andrew","x'bWY=G]","1/12/2026 1:30","1/29/2026 3:33","FALSE"
"NWilliams432","Williams","Noah","ersTTS>U","1/28/2026 10:33","2/2/2026 0:15","FALSE"
"JRodriguez433","Rodriguez","John","s%F)KqCz","1/31/2026 14:23","1/30/2026 13:32","FALSE"
"ESmith","Smith","Emily","T\<ZqJ1/","1/23/2026 12:05","2/4/2026 11:27","FALSE"
"NRodriguez434","Rodriguez","Nancy","*rq+?u*H","1/1/2026 1:19","1/30/2026 13:47","FALSE"
"BMore435","More","Betty","Pw`R~TAl","1/4/2026 17:48","2/3/2026 7:33","FALSE"
"ASmith436","Smith","Andrew","Slr`T'@F","1/27/2026 21:15","1/25/2026 15:02","FALSE"
"MBrown437","Brown","Mark","O50+wfE=","2/3/2026 5:18","1/26/2026 3:40","FALSE"
"EBrown438","Brown","Elizabeth","?aL{lZ{|","1/20/2026 3:51","1/22/2026 22:25","FALSE"
"JLopez439","Lopez","Jessica","k$ITvyD#","1/7/2026 2:51","1/31/2026 4:24","FALSE"
"SLopez440","Lopez","Steven","8nXxh-)i","1/20/2026 12:35","1/26/2026 20:44","FALSE"
"EMartin441","Martin","Emily","jgBsy0)d","1/17/2026 11:35","1/23/2026 20:11","FALSE"
"STaylor442","Taylor","Steven","|^Q|Q-f.","1/25/2026 14:26","2/2/2026 2:02","FALSE"
"DLopez443","Lopez","Donald","U)zWr6@s","1/4/2026 4:49","1/30/2026 1:14","FALSE"
"SLopez444","Lopez","Sandra","1XE_MOZ1","1/30/2026 0:39","1/26/2026 2:28","FALSE"
"DSmith445","Smith","David","'OW=m|qY","2/2/2026 7:35","1/24/2026 8:50","TRUE"
"KDavis446","Davis","Karen","<]1>|>Z6","2/3/2026 18:28","1/28/2026 5:16","TRUE"
"PBrown447","Brown","Patricia","BEq0/5{C","1/21/2026 8:08","1/25/2026 23:40","FALSE"
"EDavis448","Davis","Emily","[KfZPkY]","1/3/2026 9:53","1/31/2026 23:18","FALSE"
"EWhite449","White","Emily","`HAOEzmy","1/17/2026 8:52","1/26/2026 22:38","FALSE"
"BDavis","Davis","Betty","}(``ykTU","1/21/2026 19:10","2/3/2026 19:09","FALSE"
"CSmith450","Smith","Christopher","B*yyv}B]","1/16/2026 10:43","1/31/2026 22:47","FALSE"
"MGarcia451","Garcia","Mary","O($2^/>[","2/2/2026 5:47","1/31/2026 1:10","FALSE"
"MWhite452","White","Mark","3?&Be6r`","2/1/2026 17:48","1/26/2026 22:26","FALSE"
"RLee","Lee","Richard","&'(Aevo5","1/19/2026 9:54","2/4/2026 11:32","FALSE"
"JThompson453","Thompson","Jessica","iV7P#ntT","2/1/2026 1:14","1/24/2026 14:58","FALSE"
"AWilliams454","Williams","Anthony","~to[L8fL","1/26/2026 0:59","1/26/2026 9:18","TRUE"
"PMiller455","Miller","Patricia","MIisl#4D","1/24/2026 21:10","1/25/2026 4:05","FALSE"
"MLopez456","Lopez","Margaret","PHsb|;x]","1/19/2026 10:58","1/31/2026 2:30","FALSE"
"SLee457","Lee","Sara","8Ae1kVJh","2/3/2026 5:37","2/3/2026 19:59","FALSE"
"MJackson458","Jackson","Michael","/ul.hbVE","1/20/2026 16:23","1/25/2026 7:09","FALSE"
"SJackson459","Jackson","Sandra","nCH$[Tsl","1/6/2026 0:26","1/31/2026 18:27","FALSE"
"WMore460","More","Williams","ApIN.Zir","1/18/2026 21:23","1/29/2026 6:10","FALSE"
"PWhite","White","Patricia","^@nsURA1","2/2/2026 2:57","1/30/2026 19:58","FALSE"
"MBrown461","Brown","Michael","DG6|ZlO0","1/16/2026 9:12","2/4/2026 17:17","FALSE"
"MLee462","Lee","Margaret","Z6Hk=&y[","1/10/2026 5:54","2/1/2026 7:33","FALSE"
"JDavis463","Davis","James","Ig]qY*1C","12/31/2025 18:36","2/5/2026 10:11","FALSE"
"WThompson","Thompson","Williams","id6Qq]AV","2/3/2026 21:30","2/4/2026 20:14","FALSE"
"RLee464","Lee","Robert","2bf0x]v&","1/27/2026 2:20","1/24/2026 5:49","FALSE"
"RLee465","Lee","Robert","(]+)vT8h","1/22/2026 11:49","2/2/2026 15:29","FALSE"
"MBrown466","Brown","Matthew","YQCF'-66","1/12/2026 9:54","2/3/2026 13:44","FALSE"
"CTaylor467","Taylor","Christopher","#9^L]y::","1/12/2026 15:29","1/27/2026 5:56","FALSE"
"DWhite468","White","Donna","\W`6+W`c","1/6/2026 5:57","1/29/2026 4:18","FALSE"
"NTaylor469","Taylor","Nate","n'tIpwG)","1/10/2026 3:45","2/4/2026 3:40","FALSE"
"EMore470","More","Emily","/|O<v`3>","1/3/2026 13:41","1/30/2026 1:35","FALSE"
"JMartin471","Martin","John","Qp]Q@@B_","1/3/2026 11:03","1/24/2026 20:07","FALSE"
"MMartin472","Martin","Margaret","=4bSOXga","12/30/2025 22:30","1/31/2026 22:16","FALSE"
"JLee473","Lee","Jessica","2Ijp6ZL$","1/27/2026 20:18","1/27/2026 18:15","FALSE"
"DTaylor474","Taylor","Daniel","RAQ]-Brv","1/24/2026 2:57","1/26/2026 4:12","FALSE"
"AJones475","Jones","Ashley","jD{A?cHb","1/31/2026 0:59","1/27/2026 12:40","FALSE"
"MTaylor476","Taylor","Mary","_dw;F3!%","1/15/2026 2:00","1/26/2026 13:37","FALSE"
"MMartin477","Martin","Mark","2pP\?U?8","1/20/2026 22:59","1/31/2026 9:10","FALSE"
"TTaylor","Taylor","Thomas","yg2Ko.xd","1/2/2026 12:14","1/29/2026 6:14","FALSE"
"PMiller478","Miller","Patricia","T[&B6mY]","1/21/2026 7:22","1/31/2026 5:05","TRUE"
"MBrown479","Brown","Matthew","0[Y^__?%","1/18/2026 15:30","1/22/2026 16:26","FALSE"
"SLopez480","Lopez","Susan","!q5*5Y5P","1/26/2026 3:52","2/4/2026 0:26","FALSE"
"JWhite481","White","Jennifer","xQ4@T72}","1/3/2026 0:15","1/28/2026 10:07","FALSE"
"LMartin","Martin","Linda","JD^M_fRF","2/2/2026 12:23","1/24/2026 13:27","FALSE"
"MWilliams482","Williams","Matthew","/zr@wrte","1/10/2026 12:08","2/2/2026 6:54","FALSE"
"LLopez483","Lopez","Lisa","AUfzHB$u","1/26/2026 23:07","1/23/2026 13:25","FALSE"
"ABrown484","Brown","Anthony","9JcKa=--","1/2/2026 19:39","1/31/2026 2:24","FALSE"
"TJackson","Jackson","Thomas","F+!CcqG(","1/15/2026 19:43","1/31/2026 15:19","TRUE"
"JLee485","Lee","Jennifer","`k>>&@Iq","12/31/2025 22:51","2/5/2026 3:03","FALSE"
"MLee486","Lee","Mark","V_+n/(d@","2/4/2026 17:34","1/31/2026 2:14","TRUE"
"EJones487","Jones","Emily","+D8K.jD}","1/26/2026 10:11","1/24/2026 10:32","FALSE"
"STaylor488","Taylor","Sara","#XG)Pn1$","2/2/2026 15:31","1/24/2026 12:07","TRUE"
"CJones489","Jones","Christopher","w'c3leZ-","2/5/2026 11:25","1/31/2026 2:46","TRUE"
"NWhite490","White","Nate","Y#Tq-37=","1/24/2026 6:36","1/26/2026 2:21","FALSE"
"CJackson491","Jackson","Christopher","HD<e~\k|","1/25/2026 23:50","1/25/2026 4:38","FALSE"
"NRodriguez492","Rodriguez","Noah","Etr$6nf^","1/8/2026 11:45","2/2/2026 1:08","FALSE"
"DTaylor493","Taylor","Donald","K0f%i[o/","2/5/2026 14:13","2/1/2026 20:55","FALSE"
"PMiller494","Miller","Patricia","XHY:F\6c","1/16/2026 18:50","2/5/2026 2:47","FALSE"
"EJackson","Jackson","Elizabeth","[OD=9I>R","1/22/2026 0:31","2/1/2026 21:09","FALSE"
"MThompson495","Thompson","Mark",";!ZW!@=`","1/2/2026 23:46","1/30/2026 19:22","FALSE"
"SDavis496","Davis","Sarah","M?!o-B`M","1/5/2026 13:51","1/23/2026 5:51","FALSE"
"NThompson497","Thompson","Noah","o%b5GWJn","2/3/2026 4:06","1/29/2026 4:49","FALSE"
"LThompson","Thompson","Lisa","K%P$`uBP","2/4/2026 18:26","2/1/2026 10:20","FALSE"
"JLopez498","Lopez","Joseph","uCYT#nc1","1/27/2026 20:28","1/28/2026 12:09","FALSE"
"CTaylor499","Taylor","Charles","iekgW:>.","1/28/2026 17:05","2/4/2026 19:24","FALSE"
"DLee500","Lee","Donald","sowrr+|*","2/4/2026 0:04","2/4/2026 4:56","FALSE"
"EJones501","Jones","Elizabeth","(vP7pXeT","1/14/2026 19:18","1/25/2026 1:45","FALSE"
"JJackson502","Jackson","Jacob","X8BOL.$9","1/7/2026 15:36","1/27/2026 18:51","FALSE"
"TWilliams503","Williams","Thomas","$gzs>z3r","1/31/2026 2:30","1/29/2026 12:08","FALSE"
"SRodriguez504","Rodriguez","Susan","PB1`6j6r","1/8/2026 22:18","1/25/2026 12:32","FALSE"
"RWilliams","Williams","Richard","V9L~gb9K","1/26/2026 3:33","1/31/2026 17:51","FALSE"
"JMore505","More","Jennifer","%ru:rE6J","2/3/2026 14:35","2/3/2026 8:57","FALSE"
"ARodriguez506","Rodriguez","Anthony","}eQ&:lCf","1/13/2026 13:22","2/4/2026 5:05","FALSE"
"ASmith507","Smith","Anthony","qN`O2%BC","2/4/2026 19:49","1/31/2026 15:19","FALSE"
"MLee508","Lee","Mark","f+e<_q6#","1/18/2026 5:35","2/2/2026 13:30","FALSE"
"AJones509","Jones","Ashley","G7;wUS95","1/7/2026 15:44","1/22/2026 22:51","FALSE"
"MJones510","Jones","Matthew","j;y^{Djo","12/30/2025 16:23","2/1/2026 4:07","FALSE"
"JMiller511","Miller","Jessica","sT@C4Ube","1/25/2026 7:25","1/27/2026 2:47","FALSE"
"DJones512","Jones","Donna","w<a+(c9B","1/19/2026 7:54","1/23/2026 19:00","FALSE"
"BWhite513","White","Betty",")`u23u[y","1/4/2026 14:16","1/28/2026 3:05","FALSE"
"CJohnson514","Johnson","Christopher","iy%wr<py","1/19/2026 12:16","2/5/2026 7:20","FALSE"
"RTaylor515","Taylor","Richard","m0Q+_#`j","1/23/2026 8:03","1/25/2026 7:42","FALSE"
"MMore516","More","Matthew","ytG{*(+J","2/3/2026 4:30","1/23/2026 6:06","FALSE"
"EJackson517","Jackson","Emily","R}i>D#Jd","1/1/2026 6:14","1/27/2026 18:15","FALSE"
"JAnderson518","Anderson","Jessica","6q(XV8a|","1/22/2026 15:14","1/24/2026 8:40","FALSE"
"DJones519","Jones","Donald","6wfj5Wb$","1/21/2026 11:05","2/2/2026 4:20","FALSE"
"RBrown520","Brown","Richard","##K7{&J8","1/6/2026 8:41","1/25/2026 11:48","FALSE"
"NMore521","More","Nate","V<E>d;A}","1/29/2026 16:30","1/25/2026 22:55","FALSE"
"JLee522","Lee","Jessica","d2T~HyV|","2/4/2026 6:59","2/2/2026 20:45","TRUE"
"KMartin523","Martin","Kimberly","Ey'EmEAh","1/20/2026 18:56","1/28/2026 9:17","FALSE"
"BThompson","Thompson","Betty","F{Tq/@E@","1/5/2026 18:51","1/27/2026 10:01","FALSE"
"KMore524","More","Karen","RNT;:!9N","1/19/2026 3:09","1/27/2026 18:35","FALSE"
"AJackson","Jackson","Anthony","Py@h`b+E","1/10/2026 23:42","1/29/2026 23:20","FALSE"
"JThompson525","Thompson","Jennifer","&o}3z/:~","1/24/2026 18:04","1/27/2026 7:58","FALSE"
"DMartin526","Martin","David","l';o&HWV","2/3/2026 22:19","1/29/2026 12:39","FALSE"
"SWhite527","White","Susan","3<3>#7kL","1/14/2026 11:32","1/26/2026 23:51","TRUE"
"BWilliams528","Williams","Betty",":e]2Fwt|","1/2/2026 18:21","1/23/2026 11:37","FALSE"
"LJohnson529","Johnson","Linda","gNW)Xfk\","1/28/2026 23:01","1/30/2026 16:24","FALSE"
"DMore530","More","Daniel","2w5OxugS","1/10/2026 7:34","1/31/2026 4:25","FALSE"
"ADavis531","Davis","Anthony",":dllPUfg","1/12/2026 2:00","2/2/2026 14:38","FALSE"
"RSmith532","Smith","Richard","8nQB.9HL","1/31/2026 23:17","1/29/2026 3:14","FALSE"
"JSmith533","Smith","Jessica","4*Zd)9/H","1/12/2026 17:42","2/1/2026 17:23","FALSE"
"DMore534","More","David","IvxdT=$E","1/13/2026 17:42","2/5/2026 11:47","FALSE"
"MDavis535","Davis","Mark","&kR:!I]3","1/30/2026 2:35","2/4/2026 5:38","FALSE"
"DJones536","Jones","David","bZsjjU!6","1/6/2026 21:21","1/30/2026 21:12","FALSE"
"KJohnson537","Johnson","Karen","*4'Qn1Z$","1/14/2026 3:36","1/27/2026 21:04","FALSE"
"EBrown538","Brown","Emily","dQR8IQg-","1/25/2026 1:17","1/25/2026 0:26","FALSE"
"EAnderson539","Anderson","Emily","hFg4mKz|","1/21/2026 4:41","2/4/2026 2:03","FALSE"
"MBrown540","Brown","Margaret","1/|x8ftZ","1/9/2026 22:32","1/24/2026 9:27","FALSE"
"AGarcia541","Garcia","Ashley","u[g#:3!e","1/29/2026 13:15","1/29/2026 4:28","FALSE"
"BGarcia542","Garcia","Betty","3ZMOU/*>","1/20/2026 11:41","1/26/2026 1:20","FALSE"
"SLopez543","Lopez","Sandra","``7wfr7H","2/1/2026 4:14","2/4/2026 4:00","FALSE"
"MMiller544","Miller","Margaret","*1Zz=}Z3","12/31/2025 13:33","1/23/2026 5:27","TRUE"
"SWhite545","White","Sandra","Y+nbm_*`","1/11/2026 23:23","1/22/2026 22:44","FALSE"
"BTaylor546","Taylor","Betty","/E6x+OG;","1/1/2026 9:26","1/22/2026 16:12","FALSE"
"KLopez547","Lopez","Karen","4KOWpG\T","2/3/2026 6:39","1/25/2026 5:43","FALSE"
"RWilliams548","Williams","Robert","_DA-&uuT","2/5/2026 3:17","1/31/2026 7:52","FALSE"
"JJackson549","Jackson","James","8rY(|#Y+","1/23/2026 9:11","1/31/2026 15:06","FALSE"
"JMore550","More","Joseph","=/<^cfGx","1/25/2026 5:08","2/3/2026 17:16","TRUE"
"ATaylor551","Taylor","Andrew","S~|<@>]`","1/21/2026 9:32","2/4/2026 23:57","FALSE"
"SMartin552","Martin","Susan","L8IKbT)7","1/16/2026 4:52","1/31/2026 17:33","FALSE"
"SAnderson553","Anderson","Susan","X(b>$bVS","1/24/2026 4:13","1/31/2026 22:33","FALSE"
"ESmith554","Smith","Emily","yp6O]uwD","1/11/2026 11:51","1/23/2026 23:12","FALSE"
"DLopez555","Lopez","David","<%YgG_Yc","1/23/2026 12:51","2/3/2026 15:24","FALSE"
"SLee556","Lee","Sarah","/Qw|~!mu","1/11/2026 17:37","2/1/2026 16:57","FALSE"
"SJohnson557","Johnson","Sarah","x:#k=[!O","1/21/2026 6:13","1/27/2026 5:07","FALSE"
"SMartin558","Martin","Susan","R<]T/3x\","1/2/2026 8:43","2/4/2026 2:34","FALSE"
"NJohnson559","Johnson","Nate","jsAE/H!?","1/18/2026 4:33","1/28/2026 22:09","FALSE"
"ELee560","Lee","Emily","XN{R1I;!","2/4/2026 15:22","1/30/2026 20:55","FALSE"
"SDavis561","Davis","Susan","X}4fDUeC","1/17/2026 18:47","1/26/2026 10:45","FALSE"
"BLopez562","Lopez","Barbara","|y_*d7M.","1/17/2026 11:11","1/28/2026 3:06","FALSE"
"MLee563","Lee","Margaret","pwV4'Ll:","1/5/2026 11:41","2/1/2026 3:43","FALSE"
"JLopez564","Lopez","James","_.Dt\d*Y","1/7/2026 14:57","2/2/2026 13:16","FALSE"
"RAnderson565","Anderson","Richard","hk-4:#xg","1/4/2026 13:40","1/23/2026 4:37","FALSE"
"NThompson566","Thompson","Nate","0;2xW_DJ","1/10/2026 0:55","2/5/2026 15:10","FALSE"
"EThompson567","Thompson","Emily","Cq(EiaZR","1/29/2026 22:59","1/28/2026 10:32","FALSE"
"JMore568","More","John","+=[DR]O`","1/14/2026 23:15","1/29/2026 15:29","FALSE"
"NJohnson569","Johnson","Noah","G%$!HNuK","2/5/2026 12:27","1/23/2026 2:54","FALSE"
"AWilliams570","Williams","Andrew","HN&zSiR~","12/31/2025 0:23","2/2/2026 17:30","FALSE"
"EMiller571","Miller","Emily","PP_j_ZVR","1/4/2026 2:39","1/30/2026 5:23","FALSE"
"MSmith572","Smith","Mark","$.{UBVp?","1/8/2026 14:21","1/27/2026 19:41","FALSE"
"KBrown573","Brown","Kimberly","0{+iXr'[","1/15/2026 4:53","1/31/2026 13:45","FALSE"
"SSmith574","Smith","Sandra","'VReZKoI","1/5/2026 2:53","1/24/2026 12:11","FALSE"
"WLee","Lee","Williams",">nuGS0:u","1/9/2026 13:27","1/22/2026 21:18","FALSE"
"ERodriguez","Rodriguez","Elizabeth","I%!cmVE3","1/2/2026 6:06","2/4/2026 10:29","FALSE"
"MWilliams575","Williams","Margaret","wW*cg+rv","1/24/2026 13:10","1/25/2026 1:01","FALSE"
"AJones576","Jones","Anthony","pq9}EL0q","1/30/2026 9:48","2/4/2026 14:10","FALSE"
"MJones577","Jones","Margaret","PL5]nf<2","1/5/2026 22:51","1/24/2026 17:25","FALSE"
"MJohnson578","Johnson","Mary",")+@a^R<m","1/7/2026 2:59","1/24/2026 4:33","FALSE"
"MAnderson579","Anderson","Michael","8y[yqN90","1/6/2026 23:16","1/29/2026 19:13","FALSE"
"DSmith580","Smith","Donald","=Y%f2a@j","1/27/2026 12:17","1/25/2026 18:05","TRUE"
"LRodriguez","Rodriguez","Linda","51N8.yD9","12/31/2025 18:49","1/25/2026 19:47","FALSE"
"NBrown581","Brown","Nancy","5}?;/zg-","1/6/2026 18:00","1/23/2026 0:33","FALSE"
"PSmith","Smith","Patricia","e#)Idb{\","1/8/2026 13:49","2/4/2026 15:56","FALSE"
"MLee582","Lee","Matthew","|?R.<LLh","1/22/2026 13:11","2/5/2026 6:41","FALSE"
"DDavis583","Davis","Donald","-L`PugN(","2/4/2026 2:14","1/26/2026 17:28","FALSE"
"LJackson584","Jackson","Lisa","3S\L&]qF","1/19/2026 23:41","2/4/2026 6:47","FALSE"
"BAnderson585","Anderson","Barbara","nDeR/;p>","1/7/2026 15:51","2/4/2026 1:20","FALSE"
"MJohnson586","Johnson","Mary","co$Hf;yk","1/23/2026 23:12","1/28/2026 5:23","FALSE"
"NLee","Lee","Nancy","0m5H69`z","1/29/2026 17:05","2/1/2026 12:04","FALSE"
"SJones587","Jones","Susan","(&1ruvMT","1/7/2026 12:41","2/4/2026 6:00","FALSE"
"MMartin588","Martin","Mary","r0%-8gFa","1/23/2026 14:36","1/29/2026 6:07","FALSE"
"MMore589","More","Mark","JLRdNwT}","1/15/2026 20:23","2/1/2026 8:09","FALSE"
"JMore590","More","Jennifer","eUv=)TSc","2/4/2026 21:27","2/2/2026 4:59","FALSE"
"DGarcia591","Garcia","David","]bK\II^Z","1/9/2026 5:15","1/24/2026 10:07","FALSE"
"KThompson592","Thompson","Karen","DcreK;6r","1/22/2026 5:54","1/28/2026 0:10","FALSE"
"NJackson593","Jackson","Nancy","%d\kC0''","1/12/2026 3:13","2/2/2026 10:32","FALSE"
"ESmith594","Smith","Elizabeth","xA6!iwQc","1/7/2026 8:41","2/5/2026 10:57","TRUE"
"JMore595","More","Jennifer","OPSQ{n!y","2/5/2026 11:49","1/29/2026 6:50","FALSE"
"DBrown596","Brown","Donald",".]_]/61i","1/30/2026 0:57","1/26/2026 11:21","FALSE"
"ESmith597","Smith","Emily","_wZZ-xVN","2/4/2026 0:28","1/25/2026 11:19","FALSE"
"AJackson598","Jackson","Anthony","ykkToyn+","1/25/2026 9:54","2/5/2026 2:20","FALSE"
"JRodriguez599","Rodriguez","Jennifer","{knX!OMT","1/12/2026 9:03","1/26/2026 9:28","FALSE"
"JLopez600","Lopez","John","xFm|JBHW","1/3/2026 13:38","1/22/2026 19:37","FALSE"
"ALee601","Lee","Anthony","~D7ViMUw","1/16/2026 22:27","1/26/2026 4:30","FALSE"
"JMiller602","Miller","Jacob","G=%O_/_L","1/17/2026 16:09","1/23/2026 2:03","FALSE"
"KRodriguez603","Rodriguez","Karen","5-c:p#$M","1/4/2026 11:16","2/4/2026 15:26","FALSE"
"SLopez604","Lopez","Sandra","Y='~9xtp","1/10/2026 12:43","1/26/2026 15:18","FALSE"
"NDavis605","Davis","Nate","KtDkuShv","2/5/2026 6:54","1/27/2026 15:28","FALSE"
"ARodriguez606","Rodriguez","Anthony","o*`[wYwY","12/31/2025 11:54","1/23/2026 4:15","FALSE"
"PDavis607","Davis","Patricia","7qJ9_!N+","1/21/2026 16:16","1/31/2026 18:57","FALSE"
"AMiller608","Miller","Ashley","487dKdg8","1/27/2026 2:45","1/31/2026 18:40","FALSE"
"BLopez609","Lopez","Barbara","7bZ{FgwA","1/28/2026 11:49","1/26/2026 11:42","FALSE"
"BSmith610","Smith","Barbara","Y=03djm!","1/21/2026 21:58","2/3/2026 13:17","FALSE"
"JLopez611","Lopez","Joseph","?h(^%fsW","1/17/2026 15:48","2/4/2026 12:31","FALSE"
"JJackson612","Jackson","James","+#.fJLfP","1/29/2026 11:32","2/3/2026 20:12","FALSE"
"ASmith613","Smith","Ashley","}#}0i[QM","1/28/2026 4:02","1/28/2026 9:56","FALSE"
"ETaylor614","Taylor","Emily","Bn!smy`D","1/21/2026 6:55","2/4/2026 13:37","FALSE"
"TGarcia","Garcia","Thomas","FCdW6k-Q","1/1/2026 7:28","1/29/2026 20:16","FALSE"
"SLee615","Lee","Susan","}DN6=609","1/21/2026 19:05","1/26/2026 5:41","TRUE"
"PRodriguez616","Rodriguez","Patricia","W[c4P0Xs","1/31/2026 23:59","1/29/2026 6:52","FALSE"
"JMartin617","Martin","John","Rlr)d+ld","1/2/2026 18:13","1/24/2026 10:24","FALSE"
"JLee618","Lee","John","MT3fLGu!","1/28/2026 7:01","1/26/2026 13:54","FALSE"
"MRodriguez619","Rodriguez","Margaret","Upq>+$sE","1/26/2026 0:36","1/24/2026 20:46","TRUE"
"MLopez620","Lopez","Matthew","ci{0}f5(","2/1/2026 9:29","2/1/2026 12:55","FALSE"
"MJackson621","Jackson","Mark","5@<14|=i","1/29/2026 5:50","2/1/2026 5:52","FALSE"
"STaylor622","Taylor","Sara","diQ$O.Q4","1/11/2026 17:12","1/25/2026 0:06","FALSE"
"BRodriguez623","Rodriguez","Betty","y&F$Av0v","1/30/2026 5:43","1/23/2026 7:02","FALSE"
"SDavis624","Davis","Steven","}wU!Ye>I","1/15/2026 1:40","2/5/2026 1:19","FALSE"
"MMartin625","Martin","Mark","H_-k1.>$","1/21/2026 2:01","1/30/2026 13:34","FALSE"
"AGarcia626","Garcia","Andrew","g}5%XP5Z","1/27/2026 15:18","2/5/2026 13:41","TRUE"
"JTaylor627","Taylor","James","g\DN+D(g","1/13/2026 13:46","2/3/2026 0:00","FALSE"
"JMartin628","Martin","Jennifer","G{HxPc;Q","1/1/2026 2:50","1/24/2026 22:33","FALSE"
"KThompson629","Thompson","Karen",")+n&>Nk8","12/31/2025 12:50","1/26/2026 17:39","FALSE"
"MWilliams630","Williams","Mark","M/c68}FL","1/10/2026 13:48","1/24/2026 22:39","FALSE"
"DWhite631","White","David","bxk.JR99","1/31/2026 16:57","2/2/2026 22:23","FALSE"
"DDavis632","Davis","Donna","8.jg}(Y=","1/2/2026 5:37","1/25/2026 6:10","FALSE"
"JDavis633","Davis","Jennifer","_V:q|$Ju","2/5/2026 4:03","1/25/2026 2:02","FALSE"
"ABrown634","Brown","Anthony","G>Y<^MM#","1/16/2026 21:33","2/2/2026 15:36","FALSE"
"JDavis635","Davis","Jacob","/iVck%%(","1/4/2026 0:45","2/1/2026 17:39","TRUE"
"JRodriguez636","Rodriguez","Jacob","CR*C:`q.","1/17/2026 21:19","1/31/2026 18:36","FALSE"
"LGarcia637","Garcia","Lisa","pyX{61|C","1/30/2026 10:46","2/4/2026 21:50","TRUE"
"LGarcia638","Garcia","Lisa","D<EX/+w7","1/19/2026 13:59","1/25/2026 21:09","FALSE"
"MBrown639","Brown","Michael","|z5{GoiL","1/20/2026 12:19","1/31/2026 6:43","FALSE"
"MWhite640","White","Margaret",">oeD_(\_","1/2/2026 10:37","1/25/2026 5:46","FALSE"
"MMartin641","Martin","Michael","ZP>l#+Ut","2/2/2026 0:52","1/26/2026 11:41","FALSE"
"DLee642","Lee","David","3aqx[PUW","1/6/2026 8:45","1/22/2026 18:05","TRUE"
"JDavis643","Davis","James","Xbk--z$^","1/22/2026 15:01","1/23/2026 15:08","FALSE"
"DBrown644","Brown","Donald","0wfPNs.{","1/28/2026 17:03","2/5/2026 15:11","FALSE"
"JWilliams645","Williams","Jennifer","WNHb[rx^","1/2/2026 14:30","2/4/2026 4:01","FALSE"
"NJones646","Jones","Nancy","3)jzV[>8","1/4/2026 6:32","1/31/2026 15:36","FALSE"
"KJackson647","Jackson","Kimberly","H=#nv%^R","2/3/2026 17:40","2/4/2026 0:05","TRUE"
"JJackson648","Jackson","John","z};/`MT*","1/8/2026 12:08","1/22/2026 22:30","FALSE"
"DMore649","More","David",":<39VVOo","1/27/2026 9:44","1/30/2026 23:06","FALSE"
"PMartin","Martin","Patricia","[4!GR7)e","1/30/2026 6:31","2/4/2026 8:04","FALSE"
"TJackson650","Jackson","Thomas","1vI23g94","1/28/2026 15:36","1/23/2026 15:39","FALSE"
"AWilliams651","Williams","Andrew","OYVaL#&K","1/28/2026 16:35","2/3/2026 19:46","FALSE"
"DThompson652","Thompson","Donald","ijl:ITze","2/2/2026 16:02","1/29/2026 5:29","FALSE"
"RThompson653","Thompson","Robert","!hSTo_AJ","2/1/2026 6:11","1/26/2026 11:31","FALSE"
"MLee654","Lee","Michael","/h!ot-Zn","1/8/2026 18:59","1/29/2026 5:23","FALSE"
"AWilliams655","Williams","Andrew","zk&aUVhy","1/17/2026 5:29","1/29/2026 7:32","FALSE"
"JJones656","Jones","Joseph","3Q)k*7IV","1/19/2026 16:53","2/3/2026 9:21","FALSE"
"MThompson657","Thompson","Mary","E'Ybur:M","1/22/2026 22:22","2/1/2026 9:54","FALSE"
"BGarcia658","Garcia","Barbara","v0@l.KUF","1/30/2026 14:13","1/27/2026 7:52","FALSE"
"BGarcia659","Garcia","Betty","N%kBU`t'","1/10/2026 4:52","1/22/2026 21:24","TRUE"
"EGarcia","Garcia","Elizabeth","!CqkOr]'","1/5/2026 18:28","1/26/2026 15:35","FALSE"
"SMore660","More","Sara","^/Wm8Vxp","1/16/2026 7:50","2/4/2026 0:21","FALSE"
"MGarcia661","Garcia","Matthew","ve0~zxyo","1/15/2026 23:51","1/30/2026 13:42","TRUE"
"SLee662","Lee","Susan","O?cv^35T","1/23/2026 10:17","1/25/2026 7:44","FALSE"
"JGarcia663","Garcia","Joseph","8-Z#zJ#X","12/31/2025 9:12","1/23/2026 22:55","TRUE"
"SJackson664","Jackson","Sandra","Er*BKq<$","1/13/2026 1:08","1/28/2026 4:06","FALSE"
"SLee665","Lee","Steven","t+5(~B%O","1/7/2026 6:15","1/26/2026 18:26","FALSE"
"JWilliams666","Williams","James","(BDRXN$W","1/24/2026 15:22","1/29/2026 2:19","FALSE"
"JSmith667","Smith","John","B2O-cLO3","1/27/2026 0:17","2/2/2026 8:51","FALSE"
"SMartin668","Martin","Sarah","NxTS9g`<","2/5/2026 9:33","1/29/2026 14:55","FALSE"
"MRodriguez669","Rodriguez","Margaret","/)j&B+jN","2/4/2026 21:52","1/26/2026 8:34","FALSE"
"EGarcia670","Garcia","Emily","Z+8G8t9O","1/7/2026 11:32","1/27/2026 1:36","FALSE"
"SMore671","More","Sarah","6$/;p8&j","1/10/2026 20:19","1/26/2026 3:18","FALSE"
"DMiller672","Miller","Donald","j'[T~MG2","1/1/2026 2:34","2/2/2026 22:41","FALSE"
"JMiller673","Miller","Jacob","3l0*UW?^","1/30/2026 0:30","1/27/2026 14:40","FALSE"
"MMartin674","Martin","Michael","^z+^WOn;","1/3/2026 15:31","1/23/2026 3:41","FALSE"
"CWhite675","White","Christopher","v4jbcr9y","1/22/2026 4:24","1/29/2026 19:50","FALSE"
"AWilliams676","Williams","Anthony","I?FSL~b{","1/31/2026 14:56","2/2/2026 7:37","FALSE"
"JTaylor677","Taylor","John","#NAME?","1/16/2026 5:15","2/2/2026 23:56","FALSE"
"ALee678","Lee","Anthony","am6<H/e.","1/1/2026 7:45","1/31/2026 14:27","FALSE"
"MBrown679","Brown","Margaret","O=2vK\SK","1/13/2026 10:47","2/5/2026 13:17","FALSE"
"JRodriguez680","Rodriguez","Jennifer","q2Mr:~kz","2/1/2026 17:58","1/26/2026 20:51","FALSE"
"AGarcia681","Garcia","Anthony","mzbJ4`rY","1/1/2026 4:48","1/28/2026 13:25","FALSE"
"JMartin682","Martin","Joseph","P->ti':1","2/2/2026 14:23","1/25/2026 7:15","FALSE"
"DJohnson683","Johnson","Donald","!9M72Ud`","1/25/2026 20:07","2/2/2026 8:09","FALSE"
"JSmith684","Smith","Joseph","@0yla|R/","2/3/2026 22:29","2/5/2026 10:35","TRUE"
"AJohnson685","Johnson","Anthony","}81&;|hz","1/30/2026 10:59","1/25/2026 17:32","FALSE"
"DJackson686","Jackson","Donald","H4:(q6G/","1/26/2026 13:27","2/2/2026 0:34","FALSE"
"ELopez","Lopez","Emily","?npc3V4A","1/31/2026 2:59","1/25/2026 5:24","FALSE"
"MSmith687","Smith","Michael","Ug31$@;B","1/28/2026 20:29","1/25/2026 3:26","FALSE"
"WGarcia688","Garcia","Williams","9q`QR#ns","1/18/2026 17:38","2/4/2026 10:58","FALSE"
"TRodriguez689","Rodriguez","Thomas","dGR*-j@8","1/26/2026 15:51","1/30/2026 0:36","FALSE"
"SGarcia690","Garcia","Sandra","[j*js]^d","2/2/2026 6:29","1/23/2026 17:32","FALSE"
"SJackson691","Jackson","Steven","YD5[?{<q","2/2/2026 3:58","1/31/2026 6:45","FALSE"
"AMartin692","Martin","Ashley","!pR((R3C","1/20/2026 21:24","2/2/2026 15:39","FALSE"
"RDavis","Davis","Robert","pGsnIyx]","1/10/2026 17:31","2/4/2026 2:15","FALSE"
"JJones693","Jones","Joseph","Zn*JlGxu","1/8/2026 23:59","2/1/2026 20:41","FALSE"
"MBrown694","Brown","Michael","`i4?$2)&","1/16/2026 11:25","2/2/2026 5:08","FALSE"
"DWhite695","White","Donald","P(oA0?k*","1/19/2026 5:56","2/2/2026 15:45","FALSE"
"JMiller696","Miller","James","e$V*Z|qm","2/3/2026 16:11","1/28/2026 18:07","FALSE"
"DTaylor697","Taylor","David","EA9NzK%e","1/6/2026 3:32","2/4/2026 15:10","FALSE"
"SThompson698","Thompson","Sandra",">I!0VHn(","1/9/2026 9:55","1/29/2026 2:07","FALSE"
"SMartin699","Martin","Susan","NPvz%R<@","1/29/2026 9:53","2/5/2026 9:44","FALSE"
"AMore700","More","Ashley","RYX91J)y","1/25/2026 2:02","2/4/2026 0:41","FALSE"
"DJohnson701","Johnson","Donna","MG:w*Z!1","1/20/2026 7:44","1/31/2026 23:38","FALSE"
"SDavis702","Davis","Sara","5!e4wU>F","1/13/2026 2:00","2/2/2026 14:38","FALSE"
"TGarcia703","Garcia","Thomas","6X3Fr1X?","12/31/2025 1:30","2/4/2026 18:13","FALSE"
"MMiller704","Miller","Mary","9U=;Lkq<","1/17/2026 13:55","1/23/2026 16:43","FALSE"
"STaylor705","Taylor","Sandra","KCOnArkd","1/28/2026 13:25","1/27/2026 4:24","FALSE"
"LAnderson706","Anderson","Linda","Ccq6!ikZ","1/26/2026 21:51","1/24/2026 23:23","FALSE"
"MMiller707","Miller","Mark","d@~W;x4}","1/7/2026 23:10","2/3/2026 10:00","FALSE"
"AJones708","Jones","Ashley","2o4p('4k","1/14/2026 0:19","2/2/2026 20:53","FALSE"
"NJackson709","Jackson","Nancy","jPU(PxS&","1/15/2026 0:57","2/5/2026 7:51","FALSE"
"TJones710","Jones","Thomas","n*]I-d?r","1/27/2026 3:55","1/28/2026 14:07","TRUE"
"SSmith711","Smith","Sarah","lv=*=Qqf","1/31/2026 15:54","1/25/2026 17:37","FALSE"
"SLee712","Lee","Steven","]ka;|r%W","1/18/2026 4:08","2/1/2026 18:03","TRUE"
"ABrown713","Brown","Andrew","We0[H%m&","1/3/2026 7:47","2/4/2026 7:03","FALSE"
"AWhite714","White","Anthony","}-+3AF@]","1/19/2026 20:58","2/3/2026 21:38","TRUE"
"NLopez715","Lopez","Noah","Z).a~#|0","1/14/2026 7:37","2/1/2026 21:37","FALSE"
"NWilliams716","Williams","Nate","<Xe-\:mB","1/27/2026 19:22","1/26/2026 23:01","FALSE"
"MJohnson717","Johnson","Mary","U>`Mw5Om","1/2/2026 8:56","2/2/2026 13:30","FALSE"
"ELee718","Lee","Elizabeth","cb;&f=@k","1/22/2026 4:17","2/5/2026 8:00","FALSE"
"EJones719","Jones","Elizabeth","\yoS.i^-","1/2/2026 1:58","1/25/2026 13:56","FALSE"
"NGarcia720","Garcia","Nancy","@h=x@3:q","1/14/2026 20:18","1/28/2026 19:02","FALSE"
"MMiller721","Miller","Michael","wtmG/+7P","1/16/2026 5:53","2/3/2026 9:02","FALSE"
"MMiller722","Miller","Margaret","o.ReA<]Z","1/7/2026 10:00","1/22/2026 17:43","FALSE"
"RMiller723","Miller","Robert",".H41/?\H","1/9/2026 12:26","1/24/2026 17:24","FALSE"
"SWhite724","White","Sarah","91qS)QR2","1/6/2026 17:18","1/26/2026 12:45","FALSE"
"MJones725","Jones","Michael","Rlrt@i0'","1/1/2026 17:47","1/28/2026 17:19","FALSE"
"JTaylor726","Taylor","Jennifer","$#K%XuF?","1/21/2026 12:45","1/30/2026 6:11","FALSE"
"MBrown727","Brown","Michael","sS=#|cS-","1/28/2026 19:10","1/28/2026 11:11","FALSE"
"KJohnson728","Johnson","Karen","KrvX13(-","1/8/2026 22:40","1/24/2026 2:33","FALSE"
"SMiller729","Miller","Sara","Ytw3z`t;","1/10/2026 1:54","1/31/2026 6:23","FALSE"
"ERodriguez730","Rodriguez","Elizabeth","_rMEKJ/O","1/28/2026 8:13","1/23/2026 17:50","FALSE"
"LAnderson731","Anderson","Lisa","MN;y<aVq","1/12/2026 7:51","1/23/2026 10:32","FALSE"
"RWilliams732","Williams","Richard","s?.%[8?q","1/27/2026 1:04","2/1/2026 2:51","TRUE"
"CThompson733","Thompson","Christopher","!r&817_w","1/21/2026 8:18","1/30/2026 1:07","FALSE"
"MLopez734","Lopez","Michael","nSvOT#Dd","1/25/2026 0:13","2/2/2026 8:40","FALSE"
"MTaylor735","Taylor","Margaret","{;98xK{r","1/1/2026 20:00","1/24/2026 22:19","FALSE"
"TLee736","Lee","Thomas",";m-4REOT","1/15/2026 2:54","1/27/2026 20:21","FALSE"
"MLee737","Lee","Margaret","Czg~ULD'","1/15/2026 22:57","1/24/2026 8:48","FALSE"
"PLee","Lee","Patricia","rPc;yRHz","1/17/2026 11:31","2/2/2026 4:44","FALSE"
"JLopez738","Lopez","John","P$\N]/r;","1/20/2026 16:54","1/27/2026 11:11","TRUE"
"JThompson739","Thompson","John","ili)jv[5","1/9/2026 4:28","1/30/2026 0:00","FALSE"
"EMartin740","Martin","Emily","s\1=!Zs?","1/19/2026 11:08","1/29/2026 22:49","FALSE"
"CWilliams741","Williams","Christopher","H0Q.A1WF","2/2/2026 4:35","1/29/2026 8:16","FALSE"
"KLopez742","Lopez","Kimberly","W)-I.Wt}","1/2/2026 1:43","1/27/2026 8:48","FALSE"
"DJones743","Jones","Daniel","'wXL#E%I","1/9/2026 7:09","2/2/2026 9:50","FALSE"
"JDavis744","Davis","John","2zfPU\Fy","1/2/2026 1:36","2/3/2026 1:15","FALSE"
"JWilliams745","Williams","James","LukSR-<M","1/21/2026 9:12","1/24/2026 20:26","FALSE"
"LMartin746","Martin","Linda","W|L$aXhX","2/1/2026 0:24","1/29/2026 23:20","FALSE"
"SRodriguez747","Rodriguez","Susan","q]rTMbsC","1/3/2026 8:47","2/5/2026 9:08","FALSE"
"BLee748","Lee","Betty","!sFis97~","1/28/2026 10:07","1/28/2026 0:51","FALSE"
"ETaylor749","Taylor","Emily","kUSq=N(A","12/31/2025 1:39","1/29/2026 15:03","FALSE"
"BMiller","Miller","Betty","j!I+AC=>","1/7/2026 5:52","1/25/2026 20:05","FALSE"
"MThompson750","Thompson","Mark","UG4f\&KF","1/12/2026 1:33","2/1/2026 4:17","TRUE"
"TWhite751","White","Thomas","AEW6sp`p","2/5/2026 0:08","2/1/2026 14:14","FALSE"
"SBrown752","Brown","Susan","VZr_'uY$","1/1/2026 13:08","2/2/2026 23:17","FALSE"
"JMiller753","Miller","Jessica","PG/y|/*t","1/7/2026 15:28","1/25/2026 8:42","FALSE"
"TWhite754","White","Thomas","5rNI(aMB","1/17/2026 18:58","1/28/2026 1:03","FALSE"
"WJohnson755","Johnson","Williams","n(2[#l{n","1/23/2026 13:21","1/26/2026 18:26","FALSE"
"BDavis756","Davis","Betty","m0\5-|b3","1/16/2026 4:21","1/23/2026 8:35","FALSE"
"BMiller757","Miller","Betty","'1ST\l[|","1/4/2026 3:40","1/26/2026 13:45","FALSE"
"MWhite758","White","Mary","Frxh03K=","1/29/2026 21:20","1/28/2026 23:47","FALSE"
"ADavis759","Davis","Ashley","SWy2M)07","1/29/2026 6:51","1/27/2026 21:35","FALSE"
"EJackson760","Jackson","Elizabeth","-+DM'z7y","1/28/2026 23:04","1/27/2026 4:28","FALSE"
"MMiller761","Miller","Michael","0f!{YYaF","1/7/2026 21:06","1/25/2026 9:38","FALSE"
"SMartin762","Martin","Steven","P_sB~(fu","12/31/2025 8:02","1/31/2026 7:02","FALSE"
"SLopez763","Lopez","Sarah","z}7PK[us","2/2/2026 1:34","2/5/2026 8:47","FALSE"
"RTaylor764","Taylor","Richard","-:]1#I7M","1/11/2026 4:04","2/3/2026 16:38","FALSE"
"JRodriguez765","Rodriguez","Joseph","*^nPF?4i","1/31/2026 1:42","1/31/2026 20:06","FALSE"
"SSmith766","Smith","Sarah","(dwQ+W3E","1/29/2026 19:36","2/1/2026 9:19","TRUE"
"DRodriguez767","Rodriguez","Donald","=?02w[dp","1/9/2026 18:17","1/28/2026 15:18","FALSE"
"MLee768","Lee","Mark","Ol7!V*/?","1/15/2026 12:39","1/23/2026 5:37","FALSE"
"DMore769","More","David","FhL?LjxD","1/28/2026 0:52","2/4/2026 8:16","FALSE"
"NBrown770","Brown","Nate","bPv;-Q6]","2/5/2026 13:07","2/2/2026 15:49","FALSE"
"JJones771","Jones","John","5mg`$:t.","1/11/2026 1:30","2/4/2026 3:56","FALSE"
"RMore","More","Robert","UJ}^43ox","1/21/2026 10:38","2/2/2026 2:20","FALSE"
"MWhite772","White","Mary","gJ'|g!v{","1/8/2026 2:12","1/25/2026 13:26","FALSE"
"SMartin773","Martin","Sarah","I}vK.tI;","1/10/2026 6:26","2/1/2026 13:50","FALSE"
"JRodriguez774","Rodriguez","Joseph","WM@=gCry","1/7/2026 15:19","1/29/2026 23:43","FALSE"
"DJohnson775","Johnson","Donald","@SElrlIP","1/20/2026 13:47","1/23/2026 14:36","FALSE"
"KMore776","More","Kimberly","}wjAxNS+","1/11/2026 18:59","2/4/2026 10:18","FALSE"
"ERodriguez777","Rodriguez","Emily",":sb\Q>GA","1/26/2026 19:19","1/25/2026 22:18","FALSE"
"STaylor778","Taylor","Steven","B<x)cnrq","1/10/2026 20:03","1/26/2026 12:51","FALSE"
"MMore779","More","Mark","8Xb]@?ZN","1/30/2026 2:17","1/24/2026 0:16","FALSE"
"LWhite780","White","Lisa","SB%0tx:4","1/19/2026 20:50","1/27/2026 20:38","FALSE"
"CThompson781","Thompson","Christopher","\)S>pjA@","1/8/2026 17:01","1/24/2026 7:28","FALSE"
"NWilliams782","Williams","Noah","hhh)}bbF","1/31/2026 11:24","1/27/2026 8:20","FALSE"
"MBrown783","Brown","Michael","R1]7h^/s","1/10/2026 0:52","1/31/2026 11:56","FALSE"
"DDavis784","Davis","Daniel","ECYV$UZ3","1/21/2026 10:30","1/25/2026 17:12","FALSE"
"ALopez785","Lopez","Anthony","cN3t]r??","1/25/2026 16:56","2/5/2026 13:00","FALSE"
"ALopez786","Lopez","Anthony","o86YWF3>","1/13/2026 20:07","1/29/2026 15:53","FALSE"
"TMore787","More","Thomas","1H2sRbF$","1/15/2026 15:07","1/26/2026 0:11","FALSE"
"KBrown788","Brown","Kimberly","VW_#9ah8","1/22/2026 7:36","1/31/2026 0:22","FALSE"
"DBrown789","Brown","Daniel","7reFY'ob","1/28/2026 5:01","1/24/2026 6:47","FALSE"
"DThompson790","Thompson","Daniel","Ms-15XTS","1/29/2026 3:58","2/5/2026 6:47","FALSE"
"DSmith791","Smith","Donna","|v[4V)--","1/14/2026 22:05","1/27/2026 9:09","FALSE"
"SJohnson792","Johnson","Susan","HvmDS1-R","1/29/2026 1:00","1/26/2026 0:09","TRUE"
"DJones793","Jones","Daniel","$~)-S#a/","1/31/2026 3:43","2/5/2026 5:29","FALSE"
"BWilliams794","Williams","Betty","(X<g>T@i","1/30/2026 3:29","2/3/2026 18:24","FALSE"
"PAnderson795","Anderson","Patricia","QR+3@'JQ","1/10/2026 9:06","2/2/2026 4:38","FALSE"
"JGarcia796","Garcia","John","{WcUKc?A","1/15/2026 16:38","1/25/2026 17:05","FALSE"
"MGarcia797","Garcia","Mark","t;/5dR4I","1/13/2026 14:52","1/30/2026 0:47","FALSE"
"PJones","Jones","Patricia","kTI%*E0'","1/23/2026 4:39","1/28/2026 8:24","FALSE"
"JAnderson798","Anderson","Jessica",";~N%\!9P","1/2/2026 2:28","2/3/2026 15:16","FALSE"
"JMore799","More","Jennifer","[wQfn53t","1/27/2026 9:50","2/5/2026 3:02","FALSE"
"TAnderson","Anderson","Thomas","U{tt&U8P","1/21/2026 22:42","1/26/2026 8:58","FALSE"
"SJackson800","Jackson","Susan","XeN3UFxB","1/9/2026 16:44","2/1/2026 3:25","FALSE"
"JJohnson801","Johnson","James","7j>qxGF0","1/10/2026 3:15","1/25/2026 14:52","FALSE"
"MLopez802","Lopez","Matthew","U6v38{%4","1/11/2026 13:28","1/31/2026 18:04","FALSE"
"MMore803","More","Mary","IC?5?w/#","1/12/2026 2:07","2/3/2026 7:00","FALSE"
"NMore804","More","Noah","wmK_m1DO","1/16/2026 4:29","1/24/2026 5:51","FALSE"
"JTaylor805","Taylor","Joseph","J@>%ZGJ^","1/30/2026 20:33","1/30/2026 9:05","FALSE"
"SMiller806","Miller","Steven","U7uzHh]4","1/22/2026 9:43","2/5/2026 0:53","FALSE"
"PThompson807","Thompson","Patricia","[f1-c6Q=","2/3/2026 4:18","1/25/2026 6:33","FALSE"
"RMiller808","Miller","Robert","cdBC2W+c","1/21/2026 15:20","1/23/2026 7:40","FALSE"
"AWhite809","White","Anthony","aOzt{%pP","2/4/2026 14:50","1/26/2026 8:54","FALSE"
"LMiller810","Miller","Linda","Mnzporjo","1/27/2026 5:43","1/23/2026 22:10","FALSE"
"DWilliams811","Williams","David","37v>@Is.","1/17/2026 2:57","1/25/2026 1:04","FALSE"
"NBrown812","Brown","Noah","YQ3/+;$P","2/1/2026 12:50","1/29/2026 12:32","FALSE"
"JMiller813","Miller","James","Ecl-)Gs'","1/31/2026 9:23","2/2/2026 7:06","FALSE"
"DLopez814","Lopez","Daniel","#-vD+CP<","12/31/2025 17:06","2/3/2026 6:24","FALSE"
"JWhite815","White","James","1ACUtTTC","1/1/2026 6:38","1/26/2026 21:33","FALSE"
"RAnderson816","Anderson","Robert","0aZ^aZ8O","1/31/2026 6:23","2/3/2026 5:24","FALSE"
"BMiller817","Miller","Barbara","fG:%J#6A","1/4/2026 0:30","2/4/2026 16:51","FALSE"
"DWilliams818","Williams","David","CP8Yn7PZ","1/9/2026 15:29","2/3/2026 15:25","FALSE"
"SJones819","Jones","Susan","AmbprWx!","2/5/2026 2:29","1/28/2026 8:45","FALSE"
"JTaylor820","Taylor","John","d=\d`[im","1/9/2026 22:04","2/4/2026 8:10","FALSE"
"JThompson821","Thompson","James","e\xc`%Py","2/3/2026 22:29","1/30/2026 0:12","FALSE"
"BWilliams822","Williams","Barbara","v(E4`O_8","1/14/2026 19:38","1/30/2026 13:54","FALSE"
"LTaylor823","Taylor","Linda","o_l8rbY~","1/8/2026 1:44","2/5/2026 13:41","FALSE"
"MJones824","Jones","Mark","m+W|b+ld","2/4/2026 10:21","1/23/2026 9:40","FALSE"
"SMiller825","Miller","Susan",".k7z|j%$","1/3/2026 11:51","1/29/2026 15:12","FALSE"
"NJackson826","Jackson","Noah","%i-D|kM5","1/5/2026 19:28","1/26/2026 15:14","FALSE"
"JDavis827","Davis","Jennifer","F|&\!6QG","1/21/2026 4:47","1/29/2026 1:56","FALSE"
"MWhite828","White","Mary","]D#<a;PQ","1/29/2026 14:49","1/30/2026 10:37","FALSE"
"ASmith829","Smith","Ashley","~Wa0.kSc","1/29/2026 16:21","1/26/2026 7:54","TRUE"
"DThompson830","Thompson","Donna","EznTZ>lR","1/12/2026 23:42","2/1/2026 20:40","FALSE"
"WMartin831","Martin","Williams","D8k?g?j$","2/4/2026 12:37","1/31/2026 1:07","FALSE"
"DWhite832","White","Daniel","{I2f|NUj","1/16/2026 2:11","1/24/2026 11:06","FALSE"
"CWilliams833","Williams","Christopher","9c/LNf{e","12/31/2025 2:30","1/31/2026 8:28","FALSE"
"KRodriguez834","Rodriguez","Kimberly","^hdqRp&x","2/5/2026 8:58","2/2/2026 1:14","FALSE"
"EJohnson835","Johnson","Emily","jMp-D]sK","1/9/2026 11:16","1/31/2026 18:29","FALSE"
"NGarcia836","Garcia","Nate","j47do0r@","1/31/2026 9:53","2/3/2026 12:47","FALSE"
"BLopez837","Lopez","Barbara",".=:~>;jX","1/18/2026 20:22","1/31/2026 22:26","FALSE"
"ATaylor838","Taylor","Anthony","+h`dT9w^","1/17/2026 5:57","2/2/2026 7:04","FALSE"
"JJohnson839","Johnson","Joseph","eA6VQoaz","1/7/2026 11:45","1/22/2026 18:02","FALSE"
"CBrown840","Brown","Charles",".qUk^;)<","1/26/2026 2:26","1/26/2026 9:48","FALSE"
"KMore841","More","Kimberly","D-/w.WP@","1/5/2026 11:41","1/23/2026 17:44","FALSE"
"PSmith842","Smith","Patricia","_sK84Bn}","1/9/2026 1:35","1/27/2026 15:40","FALSE"
"LLee","Lee","Lisa","N^K{;-iK","1/19/2026 0:07","1/29/2026 8:56","FALSE"
"RJohnson843","Johnson","Richard","O*M$p#k)","1/27/2026 11:56","1/23/2026 8:04","FALSE"
"TMiller844","Miller","Thomas","9k}>ZX]>","2/2/2026 3:22","1/23/2026 16:02","FALSE"
"ADavis845","Davis","Anthony","DV7;7tN5","1/17/2026 8:16","1/25/2026 4:13","FALSE"
"SJohnson846","Johnson","Susan","&T\6m}/[","1/21/2026 16:13","1/27/2026 0:22","TRUE"
"EJohnson847","Johnson","Emily","Zf_r?@4D","1/8/2026 7:20","2/3/2026 3:33","FALSE"
"MTaylor848","Taylor","Mary",";pCaI.l*","1/18/2026 19:20","1/31/2026 2:56","FALSE"
"BMartin849","Martin","Barbara","u{B0Pp%!","1/25/2026 15:27","1/30/2026 21:13","FALSE"
"DMore850","More","Donna","|IcCri=l","1/20/2026 9:19","1/31/2026 2:05","FALSE"
"TMore851","More","Thomas","`t)M*@$V","1/31/2026 7:33","1/27/2026 9:04","FALSE"
"SJohnson852","Johnson","Susan","_VWUe`EB","1/5/2026 10:33","2/2/2026 4:12","FALSE"
"SMore853","More","Sara","f~d5l/Z2","1/28/2026 0:10","1/23/2026 17:31","FALSE"
"JGarcia854","Garcia","Jacob","Ny:{wO?q","1/8/2026 12:27","1/27/2026 15:21","FALSE"
"DDavis855","Davis","Donald","Z$/MJr0n","1/26/2026 10:26","1/24/2026 17:14","FALSE"
"MWhite856","White","Margaret","x\Z5gYh^","12/30/2025 15:42","1/26/2026 15:28","FALSE"
"BAnderson857","Anderson","Barbara","\r+Qd3ks","1/29/2026 10:46","1/27/2026 9:13","FALSE"
"EMore858","More","Emily","'b6:9tqx","1/26/2026 15:22","1/31/2026 14:31","FALSE"
"RLee859","Lee","Richard","9/:*>3s4","1/10/2026 21:20","2/2/2026 14:41","FALSE"
"NThompson860","Thompson","Noah","uVC-\peA","1/13/2026 14:17","1/29/2026 23:24","FALSE"
"ATaylor861","Taylor","Andrew","K3)CmxOZ","1/10/2026 14:36","1/31/2026 14:46","FALSE"
"JWhite862","White","Jennifer","bkh\QD^M","1/2/2026 21:21","1/30/2026 5:15","FALSE"
"LRodriguez863","Rodriguez","Lisa",":5MB{1N'","1/8/2026 1:25","1/22/2026 23:35","FALSE"
"RTaylor864","Taylor","Robert","2}Lz?(x_","1/7/2026 4:05","1/28/2026 3:57","FALSE"
"JLopez865","Lopez","John","0G^NlRpy","1/19/2026 12:05","1/22/2026 20:38","FALSE"
"MGarcia866","Garcia","Mark","i]:&)ypE","2/2/2026 14:57","1/23/2026 2:15","FALSE"
"KRodriguez867","Rodriguez","Kimberly","e0XA_*Av","1/3/2026 10:17","1/24/2026 7:22","FALSE"
"SWhite868","White","Sandra","<U=(%3R*","1/8/2026 0:05","1/25/2026 23:45","FALSE"
"DWhite869","White","Daniel",">JfunI^(","1/21/2026 3:36","1/27/2026 13:30","FALSE"
"BSmith870","Smith","Betty","e4f%~{6P","1/1/2026 7:52","2/2/2026 14:43","FALSE"
"MThompson871","Thompson","Mary","SMNG5x]~","1/11/2026 1:07","2/2/2026 21:37","FALSE"
"DJones872","Jones","David","XnazB$^Z","1/14/2026 6:41","1/31/2026 13:49","FALSE"
"JRodriguez873","Rodriguez","James","<sZ>\9iB","1/19/2026 12:45","1/25/2026 14:33","FALSE"
"SLopez874","Lopez","Sandra",")o|Aj%lk","1/25/2026 23:53","1/24/2026 5:48","FALSE"
"CMartin","Martin","Christopher","3nmCv[`)","2/3/2026 21:48","1/30/2026 1:51","FALSE"
"SAnderson875","Anderson","Sarah","ICxb;u^Z","12/31/2025 10:25","2/5/2026 8:21","FALSE"
"JThompson876","Thompson","Joseph","6w3faca?","1/16/2026 4:50","1/31/2026 1:24","FALSE"
"LJones877","Jones","Lisa","3q;FoW)S","1/15/2026 20:33","1/23/2026 4:14","FALSE"
"DJackson878","Jackson","Donna","]+KdYz5I","1/29/2026 22:17","1/24/2026 4:26","FALSE"
"DLee879","Lee","Donald","z{gZ9C6=","1/8/2026 18:46","1/26/2026 22:53","FALSE"
"TWhite880","White","Thomas",":BQ(|(Mn","2/3/2026 7:25","1/29/2026 23:26","FALSE"
"RMartin","Martin","Richard","ubg<_b`P","1/21/2026 22:38","1/27/2026 4:17","FALSE"
"SJohnson881","Johnson","Sarah","B3zH>)LY","2/3/2026 1:54","1/31/2026 15:52","FALSE"
"SWilliams882","Williams","Susan","oa4CT?H`","1/31/2026 22:08","2/4/2026 1:42","FALSE"
"AGarcia883","Garcia","Anthony",">Y.+Y5SV","1/3/2026 10:11","1/30/2026 7:38","FALSE"
"JLopez884","Lopez","Jennifer","0@VhMFi^","1/26/2026 6:04","1/30/2026 8:23","FALSE"
"WBrown","Brown","Williams","~ZR7m9F1","12/30/2025 23:21","2/1/2026 19:43","FALSE"
"ELopez885","Lopez","Elizabeth","dmh(}0P2","1/23/2026 8:33","1/28/2026 10:22","FALSE"
"JJohnson886","Johnson","Jessica","&O_tEt*)","1/3/2026 23:09","2/2/2026 0:49","FALSE"
"NAnderson887","Anderson","Nate","iBITkfN)","1/11/2026 19:22","1/29/2026 16:26","FALSE"
"ARodriguez888","Rodriguez","Anthony","BUlHt{9q","1/4/2026 10:02","2/1/2026 7:38","FALSE"
"MMiller889","Miller","Michael","y~%m:r;)","1/16/2026 3:20","2/5/2026 1:11","FALSE"
"DDavis890","Davis","Daniel","^>A=)*p#","1/15/2026 9:03","1/26/2026 14:38","FALSE"
"TMore891","More","Thomas","NLH.Z^=*","1/13/2026 11:04","1/24/2026 11:18","FALSE"
"MGarcia892","Garcia","Mary","<f{E_RR{","2/2/2026 12:14","1/26/2026 15:22","FALSE"
"LLee893","Lee","Lisa","sqPQ)>7/","1/17/2026 1:14","2/1/2026 23:48","FALSE"
"JTaylor894","Taylor","John","O->UC<s#","1/29/2026 11:27","1/29/2026 8:13","FALSE"
"KDavis895","Davis","Kimberly","(Kyg)D8C","2/4/2026 13:57","1/26/2026 5:26","FALSE"
"TThompson","Thompson","Thomas","odikh2PN","2/5/2026 2:15","2/1/2026 0:28","FALSE"
"SMartin896","Martin","Sandra","V\p$q&/H","1/17/2026 9:06","1/24/2026 3:56","FALSE"
"JThompson897","Thompson","James","&;LuGz\!","1/31/2026 12:39","2/3/2026 1:58","FALSE"
"SBrown898","Brown","Steven",">gjZ^[t=","1/10/2026 12:45","1/23/2026 9:14","FALSE"
"JMiller899","Miller","Joseph","1xrzE9t9","1/4/2026 21:01","1/26/2026 16:31","FALSE"
"LRodriguez900","Rodriguez","Linda","==_?`\a]","1/23/2026 13:32","2/3/2026 20:05","FALSE"
"EMore901","More","Emily","v3_[kX~s","1/7/2026 2:15","2/2/2026 3:58","TRUE"
"KDavis902","Davis","Kimberly","@tV[XD&<","1/27/2026 16:20","1/27/2026 0:39","FALSE"
"SMartin903","Martin","Sarah","i6ahQ+W@","1/16/2026 0:27","1/26/2026 9:09","TRUE"
"MBrown904","Brown","Mary",";d_>+p.A","1/7/2026 15:18","1/24/2026 2:31","FALSE"
"BBrown905","Brown","Barbara",")o@4hcFN","1/14/2026 12:47","1/26/2026 7:30","FALSE"
"BWilliams906","Williams","Barbara","pw)%Y\g+","1/19/2026 9:58","2/5/2026 5:38","FALSE"
"JGarcia907","Garcia","Jennifer","*CcHo^U0","2/4/2026 15:03","2/5/2026 4:20","FALSE"
"BAnderson908","Anderson","Betty","Q;~oS)GP","1/30/2026 11:37","1/29/2026 23:06","FALSE"
"JAnderson909","Anderson","Jessica","w-h=CZ`+","2/1/2026 13:31","1/29/2026 22:22","TRUE"
"AWilliams910","Williams","Andrew","ZG6!_Y4|","2/4/2026 20:43","2/5/2026 10:41","FALSE"
"MWilliams911","Williams","Mark","3'*sU:4H","1/25/2026 1:27","2/2/2026 16:06","TRUE"
"ELee912","Lee","Emily","pSWVj;Fb","1/27/2026 7:20","2/2/2026 23:44","FALSE"
"ESmith913","Smith","Emily","F}_r?u?I","12/31/2025 3:40","2/5/2026 12:41","FALSE"
"JMartin914","Martin","Jennifer","~F<J/<%8","1/9/2026 0:56","1/26/2026 14:36","TRUE"
"SMiller915","Miller","Sara","87?JAllZ","2/4/2026 0:30","1/22/2026 21:15","FALSE"
"NWilliams916","Williams","Nancy","3lQ2zctd","1/2/2026 2:21","1/25/2026 4:38","FALSE"
"MWhite917","White","Margaret","82|XiLl3","1/7/2026 13:05","2/1/2026 10:11","FALSE"
"MThompson918","Thompson","Margaret","II=+Q91J","1/4/2026 13:56","2/3/2026 23:24","FALSE"
"CMore919","More","Christopher","9'kr;&'q","1/5/2026 12:02","1/28/2026 4:20","FALSE"
"MGarcia920","Garcia","Margaret","T]9V0uKo","2/2/2026 14:59","1/24/2026 16:48","FALSE"
"LTaylor921","Taylor","Lisa","NgWpD+V_","1/16/2026 3:37","2/4/2026 13:53","FALSE"
"EJackson922","Jackson","Emily","?2+.[>SW","2/5/2026 13:15","1/24/2026 7:35","FALSE"
"MRodriguez923","Rodriguez","Mary","FEu(^$:|","1/21/2026 1:19","2/3/2026 11:50","FALSE"
"MJohnson924","Johnson","Michael","tcy<Z>!3","2/2/2026 22:49","1/25/2026 11:57","TRUE"
"NTaylor925","Taylor","Noah","}yFY@2iR","1/11/2026 18:47","1/24/2026 20:57","FALSE"
"CWhite926","White","Charles","QrK;>tlR","1/13/2026 14:05","1/23/2026 21:26","FALSE"
"CTaylor927","Taylor","Christopher","O(#WZzrd","1/12/2026 8:29","1/28/2026 18:00","FALSE"
"RMore928","More","Richard","1\3n^S{e","1/19/2026 2:20","2/1/2026 14:37","FALSE"
"TMartin","Martin","Thomas","h%e%1Z+c","1/1/2026 16:13","1/24/2026 14:20","FALSE"
"EDavis929","Davis","Emily",")#Sen-|9","1/24/2026 22:34","2/4/2026 13:55","FALSE"
"EWilliams930","Williams","Emily","mxV\iT&q","1/21/2026 5:13","1/29/2026 6:16","FALSE"
"MGarcia931","Garcia","Mary","HAkWy@_|","2/5/2026 2:51","2/3/2026 12:09","FALSE"
"WLopez932","Lopez","Williams","1Ro|QxBd","12/31/2025 22:49","1/28/2026 14:31","FALSE"
"SJones933","Jones","Susan","#Mb50lW-","1/7/2026 19:42","2/3/2026 3:51","FALSE"
"SAnderson934","Anderson","Steven","e/o#w3PT","1/15/2026 13:53","1/23/2026 0:14","FALSE"
"JGarcia935","Garcia","John","MV?up#47","1/9/2026 12:28","1/25/2026 9:20","FALSE"
"MLee936","Lee","Michael","u-E^b?XJ","1/10/2026 18:04","1/30/2026 12:49","FALSE"
"MRodriguez937","Rodriguez","Mary","lqGR1Qno","1/13/2026 6:19","1/28/2026 5:07","FALSE"
"BMore938","More","Barbara","dKb^pk+M","1/14/2026 15:27","1/25/2026 7:37","FALSE"
"AJones939","Jones","Andrew",";W/?o16H","1/24/2026 1:30","2/5/2026 2:15","TRUE"
"AMore940","More","Andrew","6z'1]Je&","1/15/2026 21:55","1/29/2026 20:14","FALSE"
"CMartin941","Martin","Christopher","{;88X0KI","1/1/2026 10:33","1/27/2026 10:27","FALSE"
"AJones942","Jones","Ashley","v1$D=L<g","1/5/2026 4:24","1/30/2026 22:18","FALSE"
"ERodriguez943","Rodriguez","Emily","&G@\b&&g","1/24/2026 19:19","1/25/2026 20:20","FALSE"
"DSmith944","Smith","David","z;SYk5hW","2/1/2026 9:25","1/28/2026 2:13","FALSE"
"BWilliams945","Williams","Betty","(?5tUM8[","1/21/2026 11:01","1/31/2026 4:04","FALSE"
"KGarcia","Garcia","Karen","=6IW;cw<","1/14/2026 7:06","1/26/2026 2:50","FALSE"
"MJackson946","Jackson","Matthew","umurLXC!","1/18/2026 9:03","1/28/2026 20:37","FALSE"
"LMiller947","Miller","Linda","^A!?W((h","1/24/2026 9:00","2/3/2026 18:33","FALSE"
"DBrown948","Brown","Daniel","k#c5B!^&","2/2/2026 20:44","2/5/2026 8:35","FALSE"
"CMore949","More","Charles","$$Zf1Q!-","1/24/2026 4:05","2/3/2026 15:19","FALSE"
"CMore950","More","Christopher","mXZH:i`U","2/1/2026 10:01","1/26/2026 22:00","FALSE"
"EJackson951","Jackson","Emily","MqnBWtk2","1/25/2026 8:03","1/31/2026 14:24","FALSE"
"MThompson952","Thompson","Mary","*7Dqcc3G","1/15/2026 19:16","1/25/2026 15:29","FALSE"
"TWhite953","White","Thomas","`{HZaHPV","2/1/2026 5:31","1/25/2026 12:51","FALSE"
"CBrown954","Brown","Charles","6c%*kA66","1/30/2026 13:28","1/29/2026 21:46","FALSE"
"DSmith955","Smith","Daniel","Rb-mFI4j","1/1/2026 12:07","2/4/2026 3:56","FALSE"
"SJones956","Jones","Sarah","F!Wx/JH)","12/31/2025 1:01","1/26/2026 16:04","FALSE"
"MLopez957","Lopez","Matthew","}%|g:=j]","1/31/2026 11:04","1/25/2026 3:03","FALSE"
"JBrown958","Brown","John","[]?n~ae/","1/3/2026 19:48","2/1/2026 1:28","FALSE"
"DLee959","Lee","Daniel","*^b@!UDR","1/10/2026 10:11","1/27/2026 4:33","FALSE"
"AMore960","More","Anthony","L)Fmxk8p","1/17/2026 10:08","1/28/2026 10:51","FALSE"
"MJones961","Jones","Matthew","duO<LIXS","1/20/2026 12:01","1/24/2026 22:24","FALSE"
"DDavis962","Davis","Daniel","3fdsFRUY","1/2/2026 10:27","1/28/2026 16:15","FALSE"
"RLee963","Lee","Robert","kl4LX0S9","1/27/2026 16:42","2/4/2026 20:21","FALSE"
"WMartin964","Martin","Williams","i)i<}+eU","1/5/2026 6:28","1/30/2026 17:16","FALSE"
"BWilliams965","Williams","Barbara","Y618~Hh|","2/1/2026 10:42","1/31/2026 3:08","FALSE"
"ELee966","Lee","Emily","97%>vL4d","12/31/2025 16:34","1/31/2026 19:00","FALSE"
"SBrown967","Brown","Sandra","ZnQ_gh;C","1/26/2026 23:27","1/27/2026 12:29","FALSE"
"SWhite968","White","Sarah","iNs\I|Ov","2/1/2026 17:55","1/31/2026 8:43","FALSE"
"STaylor969","Taylor","Steven","i.F;uR+w","1/8/2026 5:34","1/25/2026 2:35","FALSE"
"STaylor970","Taylor","Sandra","v7/`=;>W","1/20/2026 15:32","2/4/2026 20:34","FALSE"
"CJackson971","Jackson","Christopher","@iM\#qC*","1/27/2026 12:25","1/29/2026 4:00","FALSE"
"MTaylor972","Taylor","Margaret","Mr5xV$.o","12/31/2025 1:20","1/31/2026 20:02","FALSE"
"MGarcia973","Garcia","Michael","I\M%x%|P","1/3/2026 2:53","2/3/2026 3:46","FALSE"
"NMore974","More","Nate","vlW[C/>Y","1/29/2026 11:59","1/31/2026 13:25","FALSE"
"NMartin975","Martin","Noah","@/&B'^3d","2/3/2026 14:34","1/28/2026 19:12","FALSE"
"NWilliams976","Williams","Nate","#:5-YOOE","1/19/2026 9:39","1/24/2026 19:41","FALSE"
"KWhite977","White","Karen","sy)|*#Q?","1/2/2026 8:08","2/5/2026 9:24","FALSE"
"SDavis978","Davis","Steven","0EtM%pcZ","2/4/2026 3:56","1/25/2026 15:24","FALSE"
"JMiller979","Miller","Jacob","3)ex1b-T","1/12/2026 2:10","1/30/2026 5:24","TRUE"
"CThompson980","Thompson","Christopher",":^R(V*^V","1/25/2026 18:27","1/31/2026 22:22","FALSE"
"MJohnson981","Johnson","Mary","+gg^+m'<","1/14/2026 9:30","2/2/2026 22:41","FALSE"
"JBrown982","Brown","Jessica","]^L{bv4R","1/25/2026 4:18","1/26/2026 5:31","FALSE"
"KJohnson983","Johnson","Karen","\sNA;hIA","1/1/2026 8:39","1/28/2026 7:08","FALSE"
"ALee984","Lee","Ashley","90@$q1}(","1/4/2026 7:44","1/29/2026 3:23","FALSE"
"JAnderson985","Anderson","James","m;Z{I|gV","1/6/2026 22:09","1/30/2026 21:38","FALSE"
"MSmith986","Smith","Mark","R)on+*1O","12/31/2025 6:22","1/24/2026 12:32","FALSE"
"DJones987","Jones","Daniel","0h#HucP*","1/11/2026 8:07","1/28/2026 4:35","FALSE"
"MSmith988","Smith","Mark","k3+/3T5o","1/18/2026 21:35","2/3/2026 15:19","TRUE"
"DWhite989","White","David","B)&Z)(O6","1/30/2026 16:33","2/2/2026 19:12","FALSE"
"MLee990","Lee","Mary","P[G:Q_4K","1/20/2026 19:30","1/25/2026 16:12","FALSE"
"ELopez991","Lopez","Emily","e;.wGj5q","1/17/2026 6:52","1/28/2026 17:22","FALSE"
"JJackson992","Jackson","Jacob","wU1j:W'U","1/14/2026 6:43","1/24/2026 6:39","FALSE"
"PDavis993","Davis","Patricia",")24TN?dl","1/24/2026 3:31","1/25/2026 15:10","TRUE"
"NBrown994","Brown","Nate","`*fkOYD+","1/14/2026 4:16","1/29/2026 17:03","FALSE"
"DRodriguez995","Rodriguez","David","#xjwM.+a","1/11/2026 2:01","2/3/2026 8:34","FALSE"
"NSmith996","Smith","Nancy","fq[{~aJ-","1/22/2026 19:34","1/22/2026 21:43","FALSE"
"AWhite997","White","Anthony","GJObDJ|L","1/25/2026 16:26","1/23/2026 1:25","FALSE"
"EGarcia998","Garcia","Emily","RMWlON7p","1/29/2026 5:35","2/4/2026 10:35","FALSE"
"SBrown999","Brown","Steven","CQ88nX`Z","1/2/2026 2:35","1/29/2026 5:07","FALSE"
"JRodriguez1000","Rodriguez","John","gBCY%6?h","1/24/2026 0:00","1/26/2026 17:39","FALSE"
"KSmith1001","Smith","Kimberly","1.HGN].C","1/15/2026 9:59","1/25/2026 2:03","FALSE"
"MGarcia1002","Garcia","Margaret",">.x2D=0\","1/19/2026 7:41","2/4/2026 8:52","TRUE"
"CSmith1003","Smith","Christopher","g2DfS$xh","1/4/2026 15:54","1/26/2026 18:28","FALSE"
"MAnderson1004","Anderson","Mary","\S}\Ff*9","1/12/2026 12:40","1/31/2026 19:11","FALSE"
"KRodriguez1005","Rodriguez","Kimberly","aG<DAq*M","1/10/2026 20:23","2/4/2026 16:45","FALSE"
"JMartin1006","Martin","Jacob","4`^MIZA]","1/4/2026 9:22","1/31/2026 5:35","FALSE"
"DJackson1007","Jackson","Donald","$ynWvTe2","1/24/2026 17:31","1/31/2026 9:01","FALSE"
"EJohnson1008","Johnson","Emily","$}5b~iwb","1/17/2026 9:23","2/1/2026 4:59","FALSE"
"MJones1009","Jones","Margaret","c0DqNXD0","2/3/2026 20:57","2/1/2026 3:03","FALSE"
"LBrown1010","Brown","Linda","|^GPv*km","1/18/2026 15:59","1/30/2026 18:58","FALSE"
"BJohnson1011","Johnson","Barbara","F79]25u$","1/22/2026 19:00","1/25/2026 15:16","FALSE"
"JThompson1012","Thompson","Jennifer","GiW1!e%4","1/22/2026 14:41","1/31/2026 10:25","FALSE"
"LMiller1013","Miller","Linda","E45@A]lG","1/16/2026 10:51","2/1/2026 22:32","FALSE"
"MGarcia1014","Garcia","Matthew","oGok{o}j","2/2/2026 15:34","1/29/2026 0:27","FALSE"
"KThompson1015","Thompson","Kimberly","a9rqy!Qe","1/5/2026 15:22","1/25/2026 3:37","FALSE"
"BAnderson1016","Anderson","Betty","Fla/`PFG","1/22/2026 18:38","1/23/2026 8:46","FALSE"
"ETaylor1017","Taylor","Emily","kHgU<+`4","1/2/2026 1:41","2/3/2026 9:51","FALSE"
"SMiller1018","Miller","Susan","~rKV_l)I","1/18/2026 14:30","1/30/2026 20:05","FALSE"
"MWhite1019","White","Michael","o#Kz*cPQ","1/11/2026 2:24","1/25/2026 17:47","FALSE"
"JRodriguez1020","Rodriguez","Jacob",".4ov7.iQ","1/5/2026 19:54","2/1/2026 1:14","FALSE"
"MLee1021","Lee","Michael","K/N'ljwD","1/31/2026 10:13","2/1/2026 2:00","FALSE"
"ATaylor1022","Taylor","Anthony","e\$d7yd5","1/17/2026 11:36","2/3/2026 3:41","FALSE"
"DGarcia1023","Garcia","Donald","#NAME?","1/22/2026 1:47","1/29/2026 19:59","FALSE"
"LRodriguez1024","Rodriguez","Lisa","`#G&^uP0","1/28/2026 1:11","1/27/2026 1:07","FALSE"
"JThompson1025","Thompson","John","L/#&o?m$","1/1/2026 15:31","1/28/2026 19:27","TRUE"
"LGarcia1026","Garcia","Linda","n3I:G'Z\","1/13/2026 20:24","1/25/2026 19:14","FALSE"
"NTaylor1027","Taylor","Nate","o~LmuiZ)","2/5/2026 3:21","1/27/2026 4:00","TRUE"
"BWilliams1028","Williams","Betty","u]h@s};=","1/22/2026 10:26","1/25/2026 4:42","FALSE"
"JTaylor1029","Taylor","John","qJR{}E..","1/1/2026 20:24","1/28/2026 22:28","FALSE"
"SGarcia1030","Garcia","Sarah","lTbcy#9q","1/2/2026 12:44","1/30/2026 10:53","FALSE"
"NSmith1031","Smith","Nate","Wg7a>8x\","1/24/2026 14:47","1/28/2026 10:57","FALSE"
"EJohnson1032","Johnson","Elizabeth","DGLAW14h","1/16/2026 19:11","1/31/2026 12:55","FALSE"
"BThompson1033","Thompson","Barbara","@E+8_=B`","1/15/2026 22:16","2/3/2026 17:12","TRUE"
"AWhite1034","White","Anthony","?3PMo\pJ","1/25/2026 0:11","2/5/2026 12:32","FALSE"
"JMiller1035","Miller","James","igKIpQ!V","1/12/2026 23:07","2/1/2026 6:07","FALSE"
"LLee1036","Lee","Lisa","B:@Y;7E8","1/16/2026 11:27","1/24/2026 16:47","FALSE"
"RRodriguez1037","Rodriguez","Richard","H*N@G:\(","1/16/2026 18:15","1/30/2026 18:42","FALSE"
"NBrown1038","Brown","Noah","2_VRfJu-","1/8/2026 2:08","1/31/2026 2:00","FALSE"
"SLopez1039","Lopez","Susan","+7r]M`E1","1/6/2026 21:58","1/23/2026 19:37","FALSE"
"NMore1040","More","Nancy","Q?bK@%{s","1/9/2026 19:50","1/24/2026 7:31","FALSE"
"JJackson1041","Jackson","Jacob","MWpwv9^y","2/3/2026 20:41","1/23/2026 0:22","FALSE"
"WSmith","Smith","Williams","x]-d$Pk/","12/31/2025 7:54","2/1/2026 17:26","FALSE"
"SJohnson1042","Johnson","Sara",">Q)_t8mk","1/10/2026 3:13","1/31/2026 19:25","FALSE"
"CGarcia1043","Garcia","Christopher","tHULG\Ca","1/11/2026 15:49","1/30/2026 21:24","FALSE"
"JTaylor1044","Taylor","Joseph","zKN^BmwX","1/6/2026 5:37","1/25/2026 21:39","FALSE"
"DAnderson1045","Anderson","Donald","O\c&6&'p","1/8/2026 15:29","2/2/2026 3:18","FALSE"
"NWilliams1046","Williams","Nate","!b\#DNJ)","12/31/2025 6:57","2/1/2026 13:09","FALSE"
"MJackson1047","Jackson","Margaret","4=#&4Efo","12/30/2025 21:54","1/28/2026 20:55","FALSE"
"JSmith1048","Smith","James","#/GBKa<E","1/12/2026 10:06","1/25/2026 5:24","FALSE"
"ELopez1049","Lopez","Emily","_alJPPy7","1/29/2026 5:14","1/23/2026 20:04","FALSE"
"KThompson1050","Thompson","Kimberly","?b.QsRQ@","1/15/2026 0:31","1/24/2026 19:35","FALSE"
"DThompson1051","Thompson","Donald","#P-0du$\","1/25/2026 1:43","1/31/2026 14:44","FALSE"
"AMartin1052","Martin","Ashley","y>vXKUMr","2/4/2026 22:56","2/2/2026 20:59","FALSE"
"MSmith1053","Smith","Margaret","#Y<5g[Ru","1/17/2026 13:23","2/2/2026 19:46","FALSE"
"MTaylor1054","Taylor","Matthew","UYq;W2]^","1/13/2026 11:09","1/29/2026 18:28","FALSE"
"LAnderson1055","Anderson","Linda","MckFTi;F","12/31/2025 18:09","2/3/2026 9:40","TRUE"
"JJohnson1056","Johnson","John","~_/6|T5/","2/1/2026 23:37","2/3/2026 12:01","FALSE"
"DMore1057","More","Donald","luG(k+Q/","1/15/2026 3:47","1/31/2026 1:22","TRUE"
"SDavis1058","Davis","Sandra","]FX4]&yy","2/1/2026 3:34","1/23/2026 2:13","FALSE"
"DWilliams1059","Williams","Donald","b:X[IGz;","1/25/2026 3:55","1/30/2026 9:51","FALSE"
"LDavis1060","Davis","Lisa","2YyK}DeQ","1/29/2026 7:31","1/29/2026 16:05","TRUE"
"TLopez","Lopez","Thomas","(mbfHqKH","1/9/2026 14:59","1/24/2026 6:41","FALSE"
"MTaylor1061","Taylor","Matthew","g2)Y._jw","1/1/2026 1:58","1/24/2026 3:12","FALSE"
"JBrown1062","Brown","Jennifer","^eK*[[^6","1/4/2026 0:25","1/27/2026 21:05","TRUE"
"LThompson1063","Thompson","Lisa","M}d[qQrf","1/29/2026 23:25","1/28/2026 22:00","FALSE"
"BMiller1064","Miller","Betty","#ls$Gc9/","1/12/2026 20:22","1/31/2026 8:13","FALSE"
"RJackson1065","Jackson","Richard","Hn\A|%)c","2/4/2026 5:32","2/2/2026 14:03","FALSE"
"ASmith1066","Smith","Anthony",".S:~=N5N","1/5/2026 19:39","1/27/2026 21:16","FALSE"
"MMartin1067","Martin","Margaret","j*+a+\(T","1/3/2026 10:25","2/2/2026 18:35","FALSE"
"JLopez1068","Lopez","Jessica","%2^6XMDX","1/7/2026 4:03","1/24/2026 21:21","FALSE"
"BGarcia1069","Garcia","Betty","a`c?I<7c","2/3/2026 15:59","1/28/2026 1:34","FALSE"
"SRodriguez1070","Rodriguez","Steven","q[V*s^gO","1/10/2026 18:18","1/23/2026 16:12","FALSE"
"CMore1071","More","Christopher",")E${ob3l","1/18/2026 7:58","2/3/2026 7:54","FALSE"
"MJones1072","Jones","Margaret","`fl^~tq\","1/24/2026 23:25","1/30/2026 6:24","FALSE"
"CRodriguez1073","Rodriguez","Charles","*n)wd^T*","1/24/2026 5:51","1/26/2026 13:53","FALSE"
"JMiller1074","Miller","Joseph","f\52+[X?","1/16/2026 19:30","1/23/2026 23:22","FALSE"
"MSmith1075","Smith","Margaret","ew9trOV{","2/3/2026 17:25","2/4/2026 8:49","FALSE"
"NJohnson1076","Johnson","Noah","2y@76k}x","1/12/2026 13:46","2/2/2026 22:31","FALSE"
"MMiller1077","Miller","Mary","Lgc+cpvg","1/29/2026 15:02","1/30/2026 23:22","FALSE"
"KMore1078","More","Karen","DZ}=3FzE","1/21/2026 9:55","1/31/2026 6:48","FALSE"
"BMiller1079","Miller","Betty","K]jB*FuH","2/2/2026 20:21","1/31/2026 14:55","FALSE"
"BBrown1080","Brown","Barbara","F7P;x(0Q","1/9/2026 3:19","2/1/2026 14:09","TRUE"
"MDavis1081","Davis","Mark","?L~^7X%~","1/17/2026 20:26","1/25/2026 6:09","FALSE"
"PRodriguez1082","Rodriguez","Patricia",":(J!So.{","2/5/2026 9:14","1/26/2026 5:51","FALSE"
"EMartin1083","Martin","Emily","V:jvnPPa","1/11/2026 19:22","2/1/2026 18:14","FALSE"
"MLee1084","Lee","Mark","UVx2NeQ1","1/29/2026 3:38","1/30/2026 2:32","FALSE"
"SThompson1085","Thompson","Sara","3-_587cl","1/30/2026 22:05","1/30/2026 21:12","FALSE"
"ELopez1086","Lopez","Elizabeth","q-gN*.0^","2/4/2026 1:39","1/27/2026 14:03","FALSE"
"JWhite1087","White","Joseph","nV@9Qi#V","1/9/2026 16:08","2/4/2026 18:17","FALSE"
"SJohnson1088","Johnson","Susan","?{`=8(IB","1/17/2026 2:45","2/5/2026 8:25","FALSE"
"JWilliams1089","Williams","Joseph","qrI|D0Eb","1/12/2026 0:27","2/1/2026 3:45","FALSE"
"MLee1090","Lee","Mark","\9xjHQ4/","1/12/2026 16:40","1/28/2026 10:47","FALSE"
"SAnderson1091","Anderson","Sara","EVITiqnc","1/14/2026 23:05","2/5/2026 0:17","FALSE"
"JThompson1092","Thompson","James",")3WG~0u_","1/18/2026 19:54","1/29/2026 8:54","FALSE"
"DLopez1093","Lopez","Donald","iq%;Dd&9","1/19/2026 9:01","1/29/2026 12:23","FALSE"
"DJones1094","Jones","Daniel","8w~BFrE[","1/30/2026 1:31","2/2/2026 7:51","FALSE"
"BTaylor1095","Taylor","Betty","nv;Flf.j","2/3/2026 6:58","1/23/2026 8:42","FALSE"
"JTaylor1096","Taylor","John","8_9NCkmB","1/14/2026 21:56","1/24/2026 11:21","FALSE"
"LLee1097","Lee","Linda","2%*&+Ls;","1/15/2026 18:58","2/2/2026 5:48","FALSE"
"MThompson1098","Thompson","Margaret","C-Vf:r3C","2/3/2026 16:57","1/26/2026 4:27","FALSE"
"BWhite1099","White","Barbara","VY^WXEGK","1/4/2026 23:41","1/25/2026 4:34","FALSE"
"SBrown1100","Brown","Sarah","dH<BTU>z","1/22/2026 7:58","1/30/2026 22:48","FALSE"
"MMore1101","More","Mary","&H[(\E7E","1/18/2026 15:57","1/23/2026 16:56","FALSE"
"LJones1102","Jones","Lisa","K*swPR&w","1/22/2026 9:19","1/28/2026 14:18","TRUE"
"RJones1103","Jones","Robert","QJ}ueTO3","1/2/2026 22:22","1/31/2026 21:57","TRUE"
"NRodriguez1104","Rodriguez","Noah","aW#y.Z{n","2/3/2026 10:06","1/31/2026 23:58","FALSE"
"CWhite1105","White","Charles","`2ds~%6v","1/21/2026 15:37","1/24/2026 20:49","FALSE"
"NJohnson1106","Johnson","Noah","![zy<<'5","1/10/2026 6:48","1/24/2026 10:41","FALSE"
"MMiller1107","Miller","Matthew","/.5!hSbv","2/2/2026 22:48","1/28/2026 17:36","FALSE"
"MAnderson1108","Anderson","Mark","o5tJ.wNf","1/27/2026 13:01","2/5/2026 14:21","FALSE"
"DMiller1109","Miller","Donald","#NAME?","1/12/2026 11:35","1/30/2026 1:18","TRUE"
"MMiller1110","Miller","Mark",")[)51V@8","1/23/2026 21:08","1/25/2026 16:06","FALSE"
"EMartin1111","Martin","Elizabeth","Tm.9+C[_","1/20/2026 10:59","1/28/2026 23:09","FALSE"
"MJackson1112","Jackson","Margaret","iNe:JW5H","1/26/2026 9:50","1/26/2026 21:33","FALSE"
"DBrown1113","Brown","Donna","G$2TR8\:","1/16/2026 0:41","1/25/2026 4:49","FALSE"
"AThompson1114","Thompson","Anthony","|<_^QY>@","1/28/2026 13:06","2/4/2026 19:31","FALSE"
"TAnderson1115","Anderson","Thomas","5.r>Ip}D","1/2/2026 7:07","1/31/2026 15:02","TRUE"
"EJohnson1116","Johnson","Elizabeth","'=o`E*b<","1/7/2026 14:07","1/30/2026 17:30","FALSE"
"RJackson1117","Jackson","Richard","}=H+I'gA","1/7/2026 16:27","1/30/2026 23:28","FALSE"
"NAnderson1118","Anderson","Noah","qTu!i%ON","1/26/2026 12:59","1/31/2026 10:00","FALSE"
"MAnderson1119","Anderson","Margaret","*&5umOB}","1/19/2026 2:11","1/28/2026 16:04","FALSE"
"JLopez1120","Lopez","John","$M(d+O.H","2/1/2026 6:53","1/22/2026 18:20","FALSE"
"CMiller1121","Miller","Christopher","EJ$8\~'V","1/5/2026 15:13","1/31/2026 23:32","FALSE"
"SLee1122","Lee","Sarah","`lqB$k&P","1/29/2026 13:14","1/22/2026 16:58","FALSE"
"BDavis1123","Davis","Betty","VVQ&bQ`D","1/4/2026 5:25","2/2/2026 2:11","FALSE"
"DThompson1124","Thompson","David","#NAME?","1/7/2026 11:29","2/1/2026 9:28","FALSE"
"PGarcia1125","Garcia","Patricia","w\mEz[1)","1/28/2026 4:22","1/30/2026 16:31","TRUE"
"JLee1126","Lee","John","zXQho$rs","1/13/2026 21:33","2/3/2026 9:49","FALSE"
"AMore1127","More","Anthony","c)h-k`i2","1/3/2026 19:19","1/26/2026 22:46","FALSE"
"DWhite1128","White","Daniel","[0Dz1Mi>","1/17/2026 10:38","1/27/2026 9:06","FALSE"
"MTaylor1129","Taylor","Mark","R46$_'Hp","1/5/2026 22:54","1/26/2026 19:09","FALSE"
"SMore1130","More","Sandra","d'+F8;th","1/27/2026 23:16","1/30/2026 14:49","FALSE"
"DAnderson1131","Anderson","Donald","Tbz\s{W`","1/30/2026 16:23","1/27/2026 16:06","FALSE"
"DMartin1132","Martin","Donna","n1H)KPUy","1/18/2026 21:51","1/30/2026 18:37","FALSE"
"JLopez1133","Lopez","Joseph","i57>x{4g","1/13/2026 23:27","2/1/2026 22:59","FALSE"
"SAnderson1134","Anderson","Steven","MZ\K(ZIt","1/12/2026 5:14","2/3/2026 19:37","FALSE"
"SMartin1135","Martin","Sara","BVl52D|f","1/1/2026 22:21","1/29/2026 9:02","TRUE"
"LLee1136","Lee","Lisa","hXR!UaJR","1/2/2026 23:48","1/31/2026 20:47","FALSE"
"DWhite1137","White","Donna","Y\tdt@1'","2/3/2026 4:49","2/4/2026 13:42","FALSE"
"STaylor1138","Taylor","Sara","b<('}IDO","2/4/2026 22:28","2/1/2026 7:49","FALSE"
"LWhite1139","White","Lisa",".('RRKxp","1/11/2026 7:36","1/30/2026 20:09","FALSE"
"SLee1140","Lee","Steven","Q'AKXa7)","1/2/2026 2:14","1/28/2026 22:32","TRUE"
"SSmith1141","Smith","Sarah","7pe|:s.K","1/28/2026 13:14","1/31/2026 19:58","TRUE"
"JThompson1142","Thompson","John","mzv/lN;}","1/10/2026 15:20","1/30/2026 9:20","FALSE"
"BLopez1143","Lopez","Barbara","k66aP}ea","1/26/2026 3:44","1/28/2026 7:39","FALSE"
"JMiller1144","Miller","Joseph","r&28CczC","1/17/2026 4:04","1/22/2026 22:52","FALSE"
"ETaylor1145","Taylor","Emily","a+D~uy4K","1/22/2026 11:42","2/4/2026 6:32","FALSE"
"KJohnson1146","Johnson","Karen","<(7~$\Xe","2/4/2026 21:18","2/4/2026 8:21","FALSE"
"KWilliams1147","Williams","Karen","`?A3VjR4","1/11/2026 17:30","1/30/2026 9:03","FALSE"
"AWilliams1148","Williams","Anthony","+6Guf^'n","1/1/2026 13:56","2/2/2026 0:39","FALSE"
"RLee1149","Lee","Robert","rgsQ@]&i","1/29/2026 6:18","1/24/2026 4:16","FALSE"
"JMartin1150","Martin","Jacob","w&-;Czde","1/4/2026 16:02","1/28/2026 3:37","FALSE"
"DMore1151","More","Donald","#v$3[JBi","1/13/2026 22:15","1/29/2026 6:49","FALSE"
"DMore1152","More","David","]|6?V'&i","1/4/2026 18:42","1/30/2026 19:46","FALSE"
"SLee1153","Lee","Susan","|?w_-I4~","1/24/2026 17:39","2/1/2026 13:46","FALSE"
"DDavis1154","Davis","Donna","IcngA)eU","1/26/2026 18:07","1/31/2026 17:25","TRUE"
"RJones1155","Jones","Robert","hyrY6p{Q","2/4/2026 16:58","1/23/2026 10:18","FALSE"
"DWilliams1156","Williams","David","(qLA~`)'","1/26/2026 2:32","1/29/2026 7:35","FALSE"
"STaylor1157","Taylor","Steven","?$NO^kMY","1/31/2026 5:05","1/26/2026 3:49","FALSE"
"DBrown1158","Brown","David","<y&Kb!Y<","1/29/2026 19:06","2/1/2026 14:40","FALSE"
"JTaylor1159","Taylor","James","@#OZE'$x","1/11/2026 6:11","2/1/2026 17:42","TRUE"
"CJackson1160","Jackson","Christopher","_J{8m;|Q","1/8/2026 23:50","2/2/2026 20:43","FALSE"
"SRodriguez1161","Rodriguez","Sarah","s_Gjvn(y","1/16/2026 20:25","2/4/2026 12:35","TRUE"
"STaylor1162","Taylor","Steven","`*kIrk]F","1/1/2026 11:53","1/30/2026 11:02","FALSE"
"BRodriguez1163","Rodriguez","Barbara","R-m*e@^\","1/18/2026 2:52","2/1/2026 12:00","FALSE"
"DAnderson1164","Anderson","David","ij.m?^hO","1/28/2026 23:59","1/25/2026 5:11","FALSE"
"PGarcia1165","Garcia","Patricia","OP*_UI!$","2/2/2026 21:27","1/28/2026 4:46","FALSE"
"SMiller1166","Miller","Sandra","MoO=otZ4","2/2/2026 18:10","1/23/2026 8:52","FALSE"
"JWhite1167","White","Joseph","s)`V&j1B","12/31/2025 6:18","1/23/2026 15:17","FALSE"
"NDavis1168","Davis","Noah","6{M;Y(9.","1/20/2026 17:51","2/1/2026 11:19","FALSE"
"KRodriguez1169","Rodriguez","Kimberly","s\/-~6U9","1/31/2026 15:05","1/26/2026 18:28","FALSE"
"NMore1170","More","Nancy","OMQ6%?o?","1/3/2026 3:57","1/26/2026 16:46","FALSE"
"CLopez1171","Lopez","Charles","W5@.mKz`","1/8/2026 3:30","2/3/2026 21:07","FALSE"
"JMiller1172","Miller","Jennifer","|<_^Co)/","1/14/2026 3:13","1/25/2026 18:38","TRUE"
"KJohnson1173","Johnson","Karen","IEls~L;$","1/10/2026 13:20","1/29/2026 0:01","FALSE"
"RWilliams1174","Williams","Robert","FU&W_F5<","1/22/2026 23:44","1/23/2026 0:02","FALSE"
"NLopez1175","Lopez","Nancy","Ir]Ie?fe","1/10/2026 11:03","1/30/2026 13:37","FALSE"
"WJones1176","Jones","Williams","d]LJHz#%","1/21/2026 2:23","1/26/2026 23:15","FALSE"
"AThompson1177","Thompson","Andrew","c%*=OwfN","1/27/2026 16:50","2/5/2026 1:36","FALSE"
"JJackson1178","Jackson","James","2'^0*_d+","1/12/2026 10:13","1/27/2026 16:22","FALSE"
"LAnderson1179","Anderson","Linda","~Af=2s1q","1/1/2026 22:22","2/4/2026 2:49","FALSE"
"SLopez1180","Lopez","Sandra","|z=%0;rK","12/31/2025 6:03","1/24/2026 9:04","FALSE"
"DLopez1181","Lopez","Donald","PSAF<^YW","1/30/2026 19:05","1/25/2026 6:07","TRUE"
"SSmith1182","Smith","Steven",")5z(/JAD","1/26/2026 7:18","2/4/2026 22:45","FALSE"
"MMore1183","More","Margaret","#$!UZ^*&","1/28/2026 12:43","2/2/2026 19:26","FALSE"
"KWhite1184","White","Kimberly","H-lo~s^]","1/25/2026 7:47","2/5/2026 2:54","TRUE"
"AJones1185","Jones","Ashley",".*ezBky;","1/4/2026 14:03","1/28/2026 12:54","FALSE"
"AJohnson1186","Johnson","Anthony","rv>DA{np","1/3/2026 11:12","1/26/2026 0:49","FALSE"
"MLopez1187","Lopez","Margaret","s}\El*]f","1/1/2026 5:26","2/3/2026 0:10","FALSE"
"DJackson1188","Jackson","David","PwM`ZA<4","12/30/2025 18:20","1/28/2026 16:23","FALSE"
"EAnderson1189","Anderson","Emily","m$~GSolz","1/16/2026 5:51","2/4/2026 2:08","FALSE"
"DMore1190","More","David","2(V[;V8F","1/10/2026 5:29","1/25/2026 0:29","FALSE"
"JJackson1191","Jackson","James","e'1@_)'<","1/27/2026 11:21","1/23/2026 1:50","FALSE"
"KWilliams1192","Williams","Kimberly","#!f>r-LB","1/12/2026 18:12","1/31/2026 18:29","TRUE"
"WTaylor1193","Taylor","Williams",">_)GvOF&","2/3/2026 15:49","1/31/2026 7:34","FALSE"
"JAnderson1194","Anderson","Jacob","7*/pom$s","1/7/2026 14:37","1/27/2026 2:15","FALSE"
"MMiller1195","Miller","Mary","2&X/'$-/","1/29/2026 5:53","1/23/2026 12:13","FALSE"
"JWhite1196","White","Jacob","IM/3v4Qn","1/8/2026 1:20","1/28/2026 19:18","FALSE"
"PDavis1197","Davis","Patricia","gnhe^1b>","12/31/2025 18:37","1/31/2026 2:09","FALSE"
"NRodriguez1198","Rodriguez","Noah","eWtyKNe@","1/23/2026 14:04","2/5/2026 7:17","FALSE"
"RGarcia1199","Garcia","Richard","~:2m~ju6","12/31/2025 19:33","1/29/2026 2:11","FALSE"
"DJones1200","Jones","David","XKw/+@dc","1/7/2026 12:14","1/30/2026 0:43","FALSE"
"BSmith1201","Smith","Barbara","t&@~9?Ph","1/19/2026 21:38","1/28/2026 0:35","FALSE"
"CRodriguez1202","Rodriguez","Christopher","P5]=&ySL","1/24/2026 5:48","1/27/2026 10:09","FALSE"
"ALee1203","Lee","Ashley","c+%+^c%C","1/21/2026 20:35","1/30/2026 4:29","FALSE"
"AWilliams1204","Williams","Anthony",".HA#};Ne","2/3/2026 12:30","1/24/2026 19:20","FALSE"
"SBrown1205","Brown","Sandra","%QE~C=e0","1/31/2026 2:36","2/3/2026 8:47","FALSE"
"TJackson1206","Jackson","Thomas","R&mhd>aX","1/23/2026 20:45","1/26/2026 3:31","FALSE"
"DMore1207","More","Donald","*-gU^&;-","1/14/2026 9:52","1/24/2026 12:20","FALSE"
"PWhite1208","White","Patricia","X)p5*%|A","1/23/2026 1:17","1/28/2026 10:50","FALSE"
"JAnderson1209","Anderson","Joseph","]QbG;L'=","1/25/2026 22:02","1/30/2026 9:20","FALSE"
"JBrown1210","Brown","John","CNjkg9M1","2/1/2026 18:51","1/29/2026 20:41","FALSE"
"WTaylor1211","Taylor","Williams","#eoM'<fh","1/27/2026 11:58","1/28/2026 6:57","FALSE"
"JMiller1212","Miller","John","(yV1KA&d","1/22/2026 11:25","1/31/2026 11:37","TRUE"
"MWhite1213","White","Mary","C^'}ThOc","1/14/2026 13:04","1/23/2026 7:47","FALSE"
"AThompson1214","Thompson","Andrew","ct^cxuK8","1/4/2026 23:15","1/24/2026 6:40","FALSE"
"JThompson1215","Thompson","Jennifer","/\KZ}2:w","1/2/2026 21:22","2/4/2026 10:22","FALSE"
"JSmith1216","Smith","Jessica","%JK)[DUk","1/9/2026 3:34","2/1/2026 19:03","FALSE"
"EWilliams1217","Williams","Elizabeth","brcL(72>","1/1/2026 3:51","1/26/2026 7:13","FALSE"
"MJackson1218","Jackson","Matthew","K?NFjVzC","1/5/2026 23:04","1/23/2026 17:45","FALSE"
"SLopez1219","Lopez","Sandra","$p+N&oAz","2/2/2026 5:56","1/23/2026 6:56","FALSE"
"RJackson1220","Jackson","Robert","O<6p?~)$","1/19/2026 22:10","1/28/2026 11:07","FALSE"
"ATaylor1221","Taylor","Andrew","e>n_o1DO","1/18/2026 0:24","2/4/2026 3:56","FALSE"
"SRodriguez1222","Rodriguez","Susan","BTBcRi=&","1/15/2026 16:56","1/25/2026 2:30","FALSE"
"MMartin1223","Martin","Matthew","Eai_UI]M","1/13/2026 2:55","2/3/2026 10:52","TRUE"
"DJackson1224","Jackson","David","U&a~C=kg","1/11/2026 19:39","2/4/2026 12:47","FALSE"
"CDavis1225","Davis","Charles","Y?~8wO^2","1/9/2026 13:53","2/2/2026 16:37","FALSE"
"JMore1226","More","Jessica","fB\97:DR","1/4/2026 10:40","1/30/2026 14:03","FALSE"
"JAnderson1227","Anderson","James","Pp]9a8N&","1/20/2026 6:04","2/4/2026 9:10","FALSE"
"ATaylor1228","Taylor","Andrew","}k'e4{59","1/29/2026 9:23","1/29/2026 9:14","FALSE"
"ABrown1229","Brown","Andrew","?JtN+.+R","1/3/2026 19:56","2/1/2026 15:16","FALSE"
"DTaylor1230","Taylor","Daniel","#Xf/'ub~","1/18/2026 22:17","1/25/2026 20:11","FALSE"
"EJones1231","Jones","Elizabeth","#NAME?","1/1/2026 3:19","1/29/2026 16:12","FALSE"
"KRodriguez1232","Rodriguez","Kimberly","XR\hshg3","2/2/2026 17:50","2/5/2026 12:46","FALSE"
"LDavis1233","Davis","Linda","*8jfQ#@C","2/2/2026 18:59","2/3/2026 13:40","FALSE"
"CJackson1234","Jackson","Charles","omjiRy|o","1/12/2026 6:26","2/3/2026 21:28","FALSE"
"PJones1235","Jones","Patricia","Pz3Ic':4","1/5/2026 13:16","1/26/2026 6:23","FALSE"
"DAnderson1236","Anderson","Donna","epL{K5/:","1/16/2026 18:22","2/5/2026 10:22","FALSE"
"DJones1237","Jones","Daniel","@O@'vQ`0","1/28/2026 17:03","2/1/2026 2:35","FALSE"
"KJohnson1238","Johnson","Kimberly",".3rV*z19","1/11/2026 2:40","2/3/2026 14:54","FALSE"
"SMiller1239","Miller","Sarah","yexmP[>$","1/10/2026 22:31","1/30/2026 21:04","FALSE"
"JLee1240","Lee","Jessica","{6b(r>t6","1/11/2026 11:18","2/3/2026 1:12","TRUE"
